ID,Name,Description,WriteUp,Category,Cost,IndoorOutdoor,Address,PhotoURL,Latitude,Longitude,Neighborhood,City,ZipCode,Duration,Hours,Phone,Website,Instagram,Email,ParkingInfo,PublicTransit,Tags,KidFriendly,PetFriendly,Accessibility,WeatherPreferences,RainOk,IdealTempMin,IdealTempMax,WindSensitive,RequiresGoodVisibility,WeatherBoost,TidePreference,TideCritical,Tips,BestTimeToVisit,BestFeature,WhatToBring,StaffPick,Featured,Priority,Sponsored,Rating,ReviewCount,MetaDescription,Keywords,Slug,Status,Source,Difficulty,AgeRestriction,GroupSize,ReservationRequired,SeasonalAvailability
natural-bridges-state-beach,Natural Bridges State Beach,Natural Bridges State Beach in Santa Cruz. Beach activity perfect for sunny weather.,,Beach,0,Outdoor,"2531 W Cliff Dr, Santa Cruz, CA 95060, USA",https://maps.googleapis.com/maps/api/place/photo?maxwidth=1200&photoreference=AciIO2e6dO_-ACxD76hXsLvJrRgcCUwFlGmm_56JyUDuH4z7zout6mOYmkuPqGkxm3OY5lUUi_3ajRZWWA0YrZINPgfcDirM2pX6He-Lw5A4Tid72rry--spWgw0XWaEW_m-_dYwhfe51g2ixlS-53A0om32noNZiHUO3tzsukyGoeyRKw0Yy_giBUp2LihYrx25cW5cpHjFayic1uMHyYPlebNE4Uu1tUso4GvfolyyK-vJqd2w1Ho0trRgkZDpX4uHlRLPLsEJDanEpcldKewxVpUpTtLLDmpPlbIUTRMOm8sHPZ_wVNGNWwy_TCJwBbY-S8neXKnfS-_xet-8hl3Q2mHorHZ2vNj-RBybV4KvEVmMGIPbZAZoKSbMHDV9-ghTpyfFnoMsCwAOTds3BHi7CctkQiQKZ2fjd6YLmVpejSWkpP8&key=AIzaSyAvYrDzM-nkvO31l6yReM9py8xvxoy5WxI,36.9502805,-122.0575721,,Santa Cruz,,2-4 hours,Monday: 8:00 AM – 8:00 PM; Tuesday: 8:00 AM – 8:00 PM; Wednesday: 8:00 AM – 8:00 PM; Thursday: 8:00 AM – 8:00 PM; Friday: 8:00 AM – 8:30 PM; Saturday: 8:00 AM – 8:00 PM; Sunday: 8:00 AM – 8:00 PM,(831) 423-4609,https://www.parks.ca.gov/?page_id=541,,,,,"beach,outdoor,scenic,family,photo-worthy",true,true,,"sunny,partly-cloudy,warm",false,65,85,true,true,1,,false,,,,,false,false,,false,4.7,2187,,"beach, outdoor, scenic, family, photo-worthy",natural-bridges-state-beach,Published,Google Places,,,,false,year-round
seacliff-state-beach,Seacliff State Beach,Seacliff State Beach in Santa Cruz. Beach activity perfect for sunny weather.,,Beach,0,Outdoor,"State Park Dr, Seacliff, CA 95003, USA",https://maps.googleapis.com/maps/api/place/photo?maxwidth=1200&photoreference=AciIO2dVJJojBzcs0RwIiuaaZAoV6ez0JKIlTB_Alubui_b9PbgkuPq7tIJmFJkEHZnqxHSlV_0Z0Bc55u_RghDIJlTpgFaYy1qQ7MA2LHXOSW2LHIsAgT4oqWNHGSj_Q-2XTLkXC4J_tkPP5dxQlGnCpRMDRbl-DGdmpSw-ncNYYTtPOitNwEmV9N8s9m1bhknwvqUmNIUyFUa2Jqs_OFMKiwan-yUMIZoAqc9V3mtIyRfVZEsc4q8mh8GYQ4gFyBP0UTByNQ5XTsTIrm_EYp7sRYvcTn8AG456pe0Qd-BAmJthqiHTttPOGEOM7-kpqW9cu24FAD8wWInTpsqdEg8_tRAN0lWiq-lfNVEGvAWG9wvpX-0Gy81HD4uU-8AIcDlF1TNFTnQHkMrg5yzei6iojbBtZTOT4-hnoomVn5T4Css1FMQ&key=AIzaSyAvYrDzM-nkvO31l6yReM9py8xvxoy5WxI,36.971997,-121.9139256,,Santa Cruz,,2-4 hours,,(831) 685-6442,http://www.parks.ca.gov/?page_id=543,,,,,"beach,outdoor,scenic,family,photo-worthy",true,Leash required,,"sunny,partly-cloudy,warm",false,65,85,true,true,1,,false,,,,,false,false,,false,4.6,4852,,"beach, outdoor, scenic, family, photo-worthy",seacliff-state-beach,Published,Google Places,,,,false,year-round
cowell-beach,Cowell Beach,Cowell Beach in Santa Cruz. Beach activity perfect for sunny weather.,,Beach,0,Outdoor,"Cowell Beach, 21 Municipal Wharf, Santa Cruz, CA 95060, USA",https://maps.googleapis.com/maps/api/place/photo?maxwidth=1200&photoreference=AciIO2d9vgr5JDiqFFLMGlX_HvLsUCEc0hXGeyF5HwCrJyj38-b5VwxaqmcQ5KJICH63p5VAek4OjONEfYvNTBPn7QuWwTQyMFtXtidOawNjCM2lqdoC3itG35fBNk_AntCvxhYWX2YYOrAUwDlMavi2V3JK8WdbH0cnLg-yB_SiR_LUu1a6Y2CTyyLgWkJYsk9OOFcrnfCrfHtFZgFJBRmn-9sIuBe3jU2WJRpq5hqP4iDCGoWas9XmVUFtPdwRWQG3GFELDfwmmzmH1iNBJnvpiOfjuzcHZHuyTkCehyyNjz_MagWevJKbnEoz3KL2pv3QYc1zEomliI3hEkjc8m12e_Quq4htywKBBm2vIkawUDRQc8Nxt-_FJKykjP0D4JQXilkLTSOpzQzwraSFqIygc6vLd1aF3SrGwfRWVsTRm1gVUqc&key=AIzaSyAvYrDzM-nkvO31l6yReM9py8xvxoy5WxI,36.9625309,-122.0226092,,Santa Cruz,,2-4 hours,Monday: 6:00 AM – 11:00 PM; Tuesday: 6:00 AM – 11:00 PM; Wednesday: 6:00 AM – 11:00 PM; Thursday: 6:00 AM – 11:00 PM; Friday: 6:00 AM – 11:00 PM; Saturday: 6:00 AM – 11:00 PM; Sunday: 6:00 AM – 11:00 PM,(831) 420-5270,https://www.cityofsantacruz.com/government/city-departments/parks-recreation/parks-beaches-open-spaces/beaches-aquatics,,,,,"beach,outdoor,scenic,family,photo-worthy",true,Leash required,,"sunny,partly-cloudy,warm",false,65,85,true,true,1,,false,,,,,false,false,,false,4.4,461,,"beach, outdoor, scenic, family, photo-worthy",cowell-beach,Published,Google Places,,,,false,year-round
seabright-beach,Seabright Beach,Seabright Beach in Santa Cruz. Beach activity perfect for sunny weather.,,Beach,0,Outdoor,"Seabright Beach, Santa Cruz, CA 95062, USA",https://maps.googleapis.com/maps/api/place/photo?maxwidth=1200&photoreference=AciIO2dXkKB8e6s62CtABShPxchIErTWRRpnQMQTq31DNrni-LZ3vobqtlMti77dkRkUv-n5g5rREoabih_mi8K82wK-jysJs5rd-IjryNSF_OQpAlr8G5xZ7AmMEuls91JAuiema9rwD2hhXCSV4mYEi5y9H2nTY_3DhrRjIuLkH7v0JMF6XTe5d84aF7io7THy2-gN0OqQwwM2duHvjT_zIDSJNToWMPh_tqjpUPcgZpyLz3jSkuP8i8K3yDM59CSzR3YQDA-K2_7HSFTPxlj36KG2AqVJU3eK5GWHggx80pncKqVZj35euIivVllW6R8WJENnoyAiWVp71fzOIWMernjijaiDdJHWLn-hgWsmjGtHwNoZarS3OBOldRc-hbkpVpSianQLchpBOTy2vdnAQXpBE15dhhGIDRNo_8whqOw1FNo&key=AIzaSyAvYrDzM-nkvO31l6yReM9py8xvxoy5WxI,36.9629896,-122.007161,,Santa Cruz,,2-4 hours,,,,,,,,"beach,outdoor,scenic,family,photo-worthy",true,Leash required,,"sunny,partly-cloudy,warm",false,65,85,true,true,1,,false,,,,,false,false,,false,4.6,1955,,"beach, outdoor, scenic, family, photo-worthy",seabright-beach,Published,Google Places,,,,false,year-round
sunset-state-beach,Sunset State Beach,Sunset State Beach in Santa Cruz. Beach activity perfect for sunny weather.,,Beach,0,Outdoor,"Sunset Beach Rd, Watsonville, CA 95076, USA",https://maps.googleapis.com/maps/api/place/photo?maxwidth=1200&photoreference=AciIO2dBoomB_BNQQPXe4wKftFYW4LNLVfrPSx5XsZfljY7ll1fUOsJcxO6V8qBOBz7cjo0MzI3wLj6itHcb7wr7TnZPUi8_Gm6k-1i7aQE_omrh8z6Na5Gf7uyZr_FSwoXCyy7lZqyGc4tJXOEnU5klziDr4DOrFE5qPUICkNC6PZXJsg2tF9YDoL9vbPA4nm4cPy9djr8NkG3HUvg3TA-zFWBN7tvDixx1fghCG5wL70qACehjecDUYufblZr-OHHkBllTeLK7dQUsmZX9qn-Npg6JpYC2cBuChfsOts-JjTdPUrnRR9b1HvF8I-P0bifukHMOVL0dq2o0TrIZi6SHkufyNGzAo6axFNkUFjV2k_WvYM81HVELKrYkWXL8ieBHaZ4Vrw20Lezzw12YWloDq-jC0HfNVjInjuQsTUrnsJVDpg&key=AIzaSyAvYrDzM-nkvO31l6yReM9py8xvxoy5WxI,36.8867526,-121.8325358,,Santa Cruz,,2-4 hours,,(831) 763-7063,http://www.parks.ca.gov/?page_id=544,,,,,"beach,outdoor,scenic,family,photo-worthy",true,true,,"sunny,partly-cloudy,warm",false,65,85,true,true,1,,false,,,,,false,false,,false,4.7,2878,,"beach, outdoor, scenic, family, photo-worthy",sunset-state-beach,Published,Google Places,,,,false,year-round
capitola-beach,Capitola Beach,Capitola Beach in Santa Cruz. Beach activity perfect for sunny weather.,,Beach,0,Outdoor,"141 Esplanade, Capitola, CA 95010, USA",https://maps.googleapis.com/maps/api/place/photo?maxwidth=1200&photoreference=AciIO2diVjmWVJVlEjioirqARXXUfg18PnYQRpKPaMnak0G-lWpNm38mGbwVx7In8ZnYQztfVK8hVdtEVud2AEjwNwAP2Dws-_I8H44VsJqs6ZqNfc0vJBZmAShCUXknkRBPZd83nDg_Jo-a8O1uGwo-m3Ob3HyYk_FOJBA7gnTLpm3fbJNN_LZ6yhlre0nvWY53eB0ec3sEYM6dM4Ng_s5KTS2mZhxJYBsKCrAX0NPwqX-vj1n9lzBDxeDyQYw4rarNpgZ4ro_n7u4IeidwvJB8AM8qiP4m1aQqUB798spO7-KeHhJ7iQiwQFYmVAKMZtLrdvAuBd1FdHPuMW_bls1C7i1Pw6ILiowgsfn0cD3cNJzCYSoKJp0Q7CwohlWKL7mA4wmIBavuRMLCmhNL2exJk0Kaezlb2N0UGrKQDDV5oZsgVw&key=AIzaSyAvYrDzM-nkvO31l6yReM9py8xvxoy5WxI,36.9717193,-121.9510414,,Santa Cruz,,2-4 hours,Monday: 6:00 AM – 8:00 PM; Tuesday: 6:00 AM – 8:00 PM; Wednesday: 6:00 AM – 8:00 PM; Thursday: 6:00 AM – 8:00 PM; Friday: 6:00 AM – 8:00 PM; Saturday: 6:00 AM – 8:00 PM; Sunday: 6:00 AM – 8:00 PM,(831) 475-6522,,,,,,"beach,outdoor,scenic,family,photo-worthy",true,Leash required,,"sunny,partly-cloudy,warm",false,65,85,true,true,1,,false,,,,,false,false,,false,4.6,1684,,"beach, outdoor, scenic, family, photo-worthy",capitola-beach,Published,Google Places,,,,false,year-round
capitola-beach,Capitola Beach,Capitola Beach in Santa Cruz. Beach activity perfect for sunny weather.,,Beach,0,Outdoor,"Capitola Beach, Capitola, CA 95010, USA",https://maps.googleapis.com/maps/api/place/photo?maxwidth=1200&photoreference=AciIO2eXBkK0DLEDD9yJN_TfErrRlfip2PYAQ4o4tBorhf7nSVonaYhRz23_6b-3OmFL5f2kjAz0zk0U8SDXDylJvbbOvoIjSmsJc24eESfZb9cNhBA9GSRMeNBfn9Vx1wq9t9Kd_a_iIkWOoP5xabtTZfMXsIdWOz5D9dW3M6C0p7X6GmDBcpLwBGvKTcr2pOHmN9uKJfuJS0FUZ5hJnQj___cmKvaOFAjrmB_CjiAalmIvKOHMuZEbU2ARBoV5HqeG7zGqe32aLrPRiKe9UP-Sr_EX5qOcXLxkJT7DzHgXGDPSiIz-X5sCFlZqgVjqT5DS57l4v2-80chsCeZEk1dSl74KJes7m0Xmx1mzVJRUdY9BXW10-F11riomAeKfevYb5CItYhVLc-gAzAz-bxbnIEy5qw39OEgU--PEf_OT37NRuJbP&key=AIzaSyAvYrDzM-nkvO31l6yReM9py8xvxoy5WxI,36.9711927,-121.9521104,,Santa Cruz,,2-4 hours,,,,,,,,"beach,outdoor,scenic,family,photo-worthy",true,Leash required,,"sunny,partly-cloudy,warm",false,65,85,true,true,1,,false,,,,,false,false,,false,4.6,346,,"beach, outdoor, scenic, family, photo-worthy",capitola-beach,Published,Google Places,,,,false,year-round
wilder-ranch-state-park,Wilder Ranch State Park,Wilder Ranch State Park in Santa Cruz. Hiking activity perfect for sunny weather.,,Hiking,0,Outdoor,"1401 Coast Rd, Santa Cruz, CA 95060, USA",https://maps.googleapis.com/maps/api/place/photo?maxwidth=1200&photoreference=AciIO2d7XeA-6Tpnanycj35v_zNE3_5cibKCPpcZW4pvWLJ45cExACcmNRzzB9s3x1UoFOR5NBjMlgHsX_u_wqXQMHCia8K7_WrzHL1-VbG9pWA4VWloPt3K5onXxdh8jebKGJc5sBbUa23GuhTBUACgex49iI1YPtRJ2GO0d3l-MohN-AQwGL7KlSo-oKY4RcpUuC3G69JxELyRvrrcJPfxWw4zhL_L6xGMmS2QOfxvX1YbFEhMSQxv8uQcKBuZ1XVXU2-cJdQ3538AYPfdgaIVvwnNlMcRSjROmfK32C-zFzv9V7sJhT_P6nd7yR5hNBfGy5aee4VY4LPG7M_2zBvEAGRGLwv_8gTXgAtjTRnXId3PByTJa2p__Yw0v8iNWPJor3gBffkdJBfOqobfQuOzP9r3zVfQAzO9n5Qgpl2GOffPdw&key=AIzaSyAvYrDzM-nkvO31l6yReM9py8xvxoy5WxI,36.9608175,-122.0833662,,Santa Cruz,,1-3 hours,Monday: 8:00 AM – 8:30 PM; Tuesday: 8:00 AM – 8:30 PM; Wednesday: 8:00 AM – 8:30 PM; Thursday: 8:00 AM – 8:30 PM; Friday: 8:00 AM – 8:30 PM; Saturday: 8:00 AM – 8:30 PM; Sunday: 8:00 AM – 8:30 PM,(831) 423-9703,https://www.parks.ca.gov/?page_id=549&utm_source=GMB&utm_medium=Organic&utm_campaign=GMB1,,,,,"hiking,nature,outdoor,exercise,scenic",true,true,,"sunny,partly-cloudy,cloudy,cool",false,50,75,false,false,1,,false,,,,,false,false,,false,4.8,2545,,"hiking, nature, outdoor, exercise, scenic",wilder-ranch-state-park,Published,Google Places,,,,false,year-round
the-forest-of-nisene-marks-state-park,The Forest of Nisene Marks State Park,The Forest of Nisene Marks State Park in Santa Cruz. Hiking activity perfect for sunny weather.,,Hiking,0,Outdoor,"Aptos Creek Rd, Aptos, CA 95003, USA",https://maps.googleapis.com/maps/api/place/photo?maxwidth=1200&photoreference=AciIO2fBSgRLpwaTqvqwvtW-CZz47J0bFotaeXTH0jHGaz9kfJJ90-YVy3Xa_Mj_xSY1ab5urNNsqqJVzCu_VI68Q26vVnMKkkcDFelnFdrHLwUnTs3gbMtZjKqpH6fkirhiuFsKP3zx3VRQHX4jncGZyPJOAhwaJjaOSu_zXxUxHwob7v59aFzt7BaqNL9uYApYXnsHmoUZbhicQVf6ENfuR1dLCLiUi8ghYdjqjHQcypddYQd7ruDVffclmq3whbmjPSG_dG-p15njezCjQlwjmgEJKVesEaSOq2KQTYyQSkJfnA&key=AIzaSyAvYrDzM-nkvO31l6yReM9py8xvxoy5WxI,37.0329085,-121.8925277,,Santa Cruz,,1-3 hours,,(831) 763-7063,https://www.parks.ca.gov/?page_id=666,,,,,"hiking,nature,outdoor,exercise,scenic",true,true,,"sunny,partly-cloudy,cloudy,cool",false,50,75,false,false,1,,false,,,,,false,false,,false,4.8,1433,,"hiking, nature, outdoor, exercise, scenic",the-forest-of-nisene-marks-state-park,Published,Google Places,,,,false,year-round
pogonip-open-space,Pogonip Open Space,Pogonip Open Space in Santa Cruz. Hiking activity perfect for sunny weather.,,Hiking,0,Outdoor,"501 and 410 Golf Club Dr, Santa Cruz, CA 95060, USA",https://maps.googleapis.com/maps/api/place/photo?maxwidth=1200&photoreference=AciIO2c-YjJOvDlNBkHI4itwzJoFarKDGQarp-8SN1qHOfooOuxYu09WXrNESMhJXNEvgNGE3RGv1QdcVO0WQIjFnRpNPRWyWbQSN3PAqkhTiWGaigW7-E8iF5qTLGjSSZOTFMZ7e8XFGBGduotQsU8WmjR_Tdm5jQIEkhETDy0MGm0dUABDDhiu7JB4P70JI-8KCBpNul0192mQfbpdZqx6nK2avf9wxyRZfPE80jWN7zDzy-TJgtba-DwNCRZvTy3RAfkJh26-rY48_2rJne_vvAmDcVzPbN6flYBluR3y0b-ArbPrS6Vq3yAPcjI-vmiS7aDtXpeGpkj-gzoesmgPKKPtMFKvk0FUjac_voWGjIaBbl97FVbiUgIfTL9rkA8MIKNVQZMjtRi2hIGUCTf2UgT-4-l6M7E466zldtNHL2XdLyEl&key=AIzaSyAvYrDzM-nkvO31l6yReM9py8xvxoy5WxI,36.9966589,-122.044513,,Santa Cruz,,1-3 hours,,(831) 420-5270,http://www.cityofsantacruz.com/government/city-departments/parks-recreation/parks-beaches-open-spaces/open-spaces/pogonip,,,,,"hiking,nature,outdoor,exercise,scenic",true,true,,"sunny,partly-cloudy,cloudy,cool",false,50,75,false,false,1,,false,,,,,false,false,,false,4.5,454,,"hiking, nature, outdoor, exercise, scenic",pogonip-open-space,Published,Google Places,,,,false,year-round
henry-cowell-redwoods-state-park,Henry Cowell Redwoods State Park,Henry Cowell Redwoods State Park in Santa Cruz. Hiking activity perfect for sunny weather.,,Hiking,0,Outdoor,"101 N Big Trees Park Rd, Felton, CA 95018, USA",https://maps.googleapis.com/maps/api/place/photo?maxwidth=1200&photoreference=AciIO2dp6Jxx0EtEVI_aSwL8rSKisaTOBMcLqeclAgoG_9ijMe8bLnD8EM3yXiG62jHTfoPTbr6nRDJmzRZr-8pjaIJPUkYwtn0EXhiERo4PnuLzOO0LzGFS8Nuqn_z57qcgy7IBUSvSYnvSrQjXl9r7fM6fY_1xF8hfXgs_FnwMkKjOVEE4BoD8-PKgGxJFRlFDeQvyQW6SGmajbIiU0UK3OVwgIe4lnnMZghvE61tnK7kblm3KkaK-huuB-FLAfyJdJTW4-_P9lwD_Rw815tLBy3_NoFV0KGbTbJrr68GsUbm6eObNsl_Rom50JIjnjHMPpnvn_Q-HWmpxjQxVYSDvAO39ue5j0_r1JNyD4btwuKWN8oEkoohPsF4ZYwHg2EyDIDfFi2l3RBoty-VicpxO8iaddmTbRKjg8p_raElyKavLOax3uFp8U6lbLClmnstT&key=AIzaSyAvYrDzM-nkvO31l6yReM9py8xvxoy5WxI,37.0402063,-122.0646118,,Santa Cruz,,1-3 hours,,(831) 335-4598,http://www.parks.ca.gov/?page_id=546,,,,,"hiking,nature,outdoor,exercise,scenic",true,true,,"sunny,partly-cloudy,cloudy,cool",false,50,75,false,false,1,,false,,,,,false,false,,false,4.8,7823,,"hiking, nature, outdoor, exercise, scenic",henry-cowell-redwoods-state-park,Published,Google Places,,,,false,year-round
delaveaga-park,DeLaveaga Park,DeLaveaga Park in Santa Cruz. Hiking activity perfect for sunny weather.,,Hiking,0,Outdoor,"855 Branciforte Dr, Santa Cruz, CA 95065, USA",https://maps.googleapis.com/maps/api/place/photo?maxwidth=1200&photoreference=AciIO2dSaW-2mS56g-XuBG2zvpraLakzbpLfRk_wDLCBpEG0WAFkpwdOHNYof_vkcaFA6Ly-c-hxKbX97zNKr6eRcRI95HkIy3PgMqmx-6ZZ8BpTC9EKsNLy_rHssrdei1QzgdAIVEaTtFjiQFV5TBC9-xaLLGOz423_TQYMNBJiDv4J3CPHv7ReevZAa36axcuSI33jIz1oAC70NBnHWTXmAhiguMk-XrSiLvWAl7j_VfHCEdP3VytCENx_9K2hIIkQtmFMy2Pt4e59SV3mmjScl0VrGClGUomcfhhefR5a64XTH2myk6FlICBmhsFLBbOLnfWraxqbmetilteG2cHpcpvAQ3SNgUuPQiz7ixDgvCKJ1SYrXaLwRLTIJBAcPN4sZoXiT0tHabdtKV79aBP7AUzcF3LD4ZBMRSKbzZTq4q_itg&key=AIzaSyAvYrDzM-nkvO31l6yReM9py8xvxoy5WxI,36.9988873,-122.0046069,,Santa Cruz,,1-3 hours,Monday: 8:00 AM – 7:30 PM; Tuesday: 8:00 AM – 7:30 PM; Wednesday: 8:00 AM – 7:30 PM; Thursday: 8:00 AM – 7:30 PM; Friday: 8:00 AM – 7:30 PM; Saturday: 8:00 AM – 7:30 PM; Sunday: 8:00 AM – 7:30 PM,(831) 420-5270,http://www.cityofsantacruz.com/government/city-departments/parks-recreation/parks-beaches-open-spaces/parks/delaveaga-park,,,,,"hiking,nature,outdoor,exercise,scenic",true,true,,"sunny,partly-cloudy,cloudy,cool",false,50,75,false,false,1,,false,,,,,false,false,,false,4.6,1108,,"hiking, nature, outdoor, exercise, scenic",delaveaga-park,Published,Google Places,,,,false,year-round
santa-cruz-museum-of-art-history,Santa Cruz Museum of Art & History,Santa Cruz Museum of Art & History in Santa Cruz. Museum activity perfect for rainy weather.,,Museum,10,Indoor,"705 Front St, Santa Cruz, CA 95060, USA",https://maps.googleapis.com/maps/api/place/photo?maxwidth=1200&photoreference=AciIO2ezGhqNP1mgI0ChoLKQPDwvWv3n0-nYPNyNOMYiMfYCRwUSPn48gAfSl4TyizCrFZE70oZEp8cPoRvxmlfagh7Fe8dT47-dZdqhRuiNCEn3zivkM3C1Fm0-FfdFG1T5WnU6-h5DH9fSvrtTS4DHeB9mPHFCj7S4ga4zLukeiwn1WPe4tUcAGm8b5Z7Bl6b0aptCD8Fn8JEM587HcxK_7WK6qYiIwh1wYIrOTd5CUR6pI40X4XiLPPZbB3JEvdJ-rW8nUgUSlAuz6GAqgUwLqt0Cgy2J5ZzvHxDKa0oZszu5GLrDQWhR0SSWQKMF_Sgz6NqDjZNqYVkZ1QLNN2hbYLCilhHI3DY9E0jwhq3-ddrCwT7udrIYSlY4uxEYXXNvvAH4QyuBvzsTTGSSHPg8GSg8eFZDsDs46pScUY1rsaKLYnE&key=AIzaSyAvYrDzM-nkvO31l6yReM9py8xvxoy5WxI,36.9745675,-122.0253376,,Santa Cruz,,1-2 hours,Monday: 9:00 AM – 1:00 PM; Tuesday: Closed; Wednesday: Closed; Thursday: 12:00 – 8:00 PM; Friday: 12:00 – 8:00 PM; Saturday: 12:00 – 6:00 PM; Sunday: 12:00 – 6:00 PM,(831) 429-1964,http://www.santacruzmah.org/,,,,,"museum,indoor,educational,family,art,culture",true,false,,"rainy,cloudy,foggy,any",true,40,100,false,false,1,,false,,,,,false,false,,false,4.5,307,,"museum, indoor, educational, family, art, culture",santa-cruz-museum-of-art-history,Published,Google Places,,,,false,year-round
santa-cruz-museum-of-natural-history,Santa Cruz Museum of Natural History,Santa Cruz Museum of Natural History in Santa Cruz. Museum activity perfect for rainy weather.,,Museum,10,Indoor,"1305 E Cliff Dr, Santa Cruz, CA 95062, USA",https://maps.googleapis.com/maps/api/place/photo?maxwidth=1200&photoreference=AciIO2dCjBjiBG40Nm51T4UlumVv1ZeTqu7FNs3JLPx5kJuxwjxSfk-JayScSeEVHqTHKA56qyt22ywNUrnrMZHA9hwCUSaiRUaMaqu16wDASABPQgi6-JcwXeNelxCrugfbem2gRHDV_dEEjDjK3qzKc0W89SYxBEd0uNatyhQHiqRDhmJRuAhBN336i8EiiT157YM9fHPy42mv0urp2cT7uD4uggqTCR56coEudph9JwJk6pL80XtykrMTsDtePILIPku4hkzK35v-F369EchIcebRLnmPYkJp5WxDyYBJUmQ0vg&key=AIzaSyAvYrDzM-nkvO31l6yReM9py8xvxoy5WxI,36.964563,-122.009605,,Santa Cruz,,1-2 hours,Monday: Closed; Tuesday: 11:00 AM – 4:00 PM; Wednesday: 11:00 AM – 4:00 PM; Thursday: 11:00 AM – 4:00 PM; Friday: 11:00 AM – 4:00 PM; Saturday: 10:00 AM – 5:00 PM; Sunday: 10:00 AM – 5:00 PM,(831) 420-6115,http://www.santacruzmuseum.org/,,,,,"museum,indoor,educational,family,art,culture",true,false,,"rainy,cloudy,foggy,any",true,40,100,false,false,1,,false,,,,,false,false,,false,4.7,320,,"museum, indoor, educational, family, art, culture",santa-cruz-museum-of-natural-history,Published,Google Places,,,,false,year-round
santa-cruz-surfing-museum,Santa Cruz Surfing Museum,Santa Cruz Surfing Museum in Santa Cruz. Museum activity perfect for rainy weather.,,Museum,10,Indoor,"701 W Cliff Dr, Santa Cruz, CA 95060, USA",https://maps.googleapis.com/maps/api/place/photo?maxwidth=1200&photoreference=AciIO2cwM5WXVLg2HvFbAT6uDpEUdbfjoXK8Uj2JzJ592fi0_89481tJiOA-FWjOt3DMqT60h0eu5Bef3NuFRWeinXaT4ZCeS9eCGJLmaC07rhIt-WaqcxBIKyZfd5clWkQW4GE2_btL_St1XhHGHFspGn8a69uxCfd6WrAtTjn5KMkIgO_2hP6E9SoNNU4dOInjrXYf2acUFhWZHuoGkafmI0KBDlJY6833G0xqJuHgoXHtg_VpDR4V6B9m8SYh_0iPaPMrdh7CKeKUYVtP4yStZUNrzni_3l171-2hZBlOpGyz05eRLbhG3JJoKmGoKWn8_OFVUfrMoljueo_w5OHROCo5L-wVSstYPc5ohl4e0Gi-yvgdIitGW6_ImDcee-OqcByLi1VA3aUJUA1hNh10c2RVxcFjnnvkzM9IIImKDyikNbbN&key=AIzaSyAvYrDzM-nkvO31l6yReM9py8xvxoy5WxI,36.9514667,-122.026725,,Santa Cruz,,1-2 hours,Monday: 12:00 – 4:00 PM; Tuesday: Closed; Wednesday: Closed; Thursday: 12:00 – 4:00 PM; Friday: 12:00 – 4:00 PM; Saturday: 12:00 – 4:00 PM; Sunday: 12:00 – 4:00 PM,(831) 420-6289,http://www.cityofsantacruz.com/government/city-departments/parks-recreation/facilities/surfing-museum,,,,,"museum,indoor,educational,family,art,culture",true,false,,"rainy,cloudy,foggy,any",true,40,100,false,false,1,,false,,,,,false,false,,false,4.6,383,,"museum, indoor, educational, family, art, culture",santa-cruz-surfing-museum,Published,Google Places,,,,false,year-round
the-mystery-spot,The Mystery Spot,The Mystery Spot in Santa Cruz. Attraction activity perfect for sunny weather.,,Attraction,25,Mixed,"465 Mystery Spot Rd, Santa Cruz, CA 95065, USA",https://maps.googleapis.com/maps/api/place/photo?maxwidth=1200&photoreference=AciIO2epeqm_6TXZW2Eyj9SfRCU49jh7oapNp1O7tkAWv0fc0M4aLNzQlyDdTll7hN_eRfiF3tNM-oX5z4lypP-LhkPGaHol3cc9jHq1NQXgITaNmzGh-_CY80HFJ0hpApf4qmkVnW0kJlGOSv0J9uBgbev9LVTwIdQeoFxMAgEtrZI4V4yfhvx-j4uYTW40fYOy9pa0uZ-k2BbRnDhJcYbVRra02WuZqISg7QZLqcwWZunqFkFTCjqmcJ2X0cp8aILuKEm1-ZDcYyaAj7PWlL8_GibbcRIS45TDPMBn4ZPOJGwngd30oT_lkJ39SWBUsBV4vZfqq5V6KmgzUeKMizd4eet76Zqo9Vd2mY0qALLSDRIeOX6lw2532O4aUOjjYeGjfcqaI-PW02IFqtWmGuueFpItW2_1VoPF2MqhUhIresW1A9gZ&key=AIzaSyAvYrDzM-nkvO31l6yReM9py8xvxoy5WxI,37.0172306,-122.0029284,,Santa Cruz,,2-3 hours,Monday: 10:00 AM – 4:00 PM; Tuesday: 10:00 AM – 4:00 PM; Wednesday: 10:00 AM – 4:00 PM; Thursday: 10:00 AM – 4:00 PM; Friday: 10:00 AM – 4:00 PM; Saturday: 10:00 AM – 5:00 PM; Sunday: 10:00 AM – 5:00 PM,(831) 423-8897,https://www.mysteryspot.com/,,,,,"attraction,tourist,family,fun",true,false,,"sunny,partly-cloudy",false,55,80,false,true,1,,false,,,,,false,false,,false,4.5,8392,,"attraction, tourist, family, fun",the-mystery-spot,Published,Google Places,,,,false,year-round
santa-cruz-beach-boardwalk,Santa Cruz Beach Boardwalk,Santa Cruz Beach Boardwalk in Santa Cruz. Attraction activity perfect for sunny weather.,,Attraction,25,Mixed,"400 Beach St, Santa Cruz, CA 95060, USA",https://maps.googleapis.com/maps/api/place/photo?maxwidth=1200&photoreference=AciIO2f8hnKx6T301fzstq8qZt7ySEeY76X8SwWCyrNthXjipGBIQk7ULvpppuSu1fN2VJwCcjxjeSZWYGs3A-0b3oHkYYR1GYcLTnZ4N23Iast-THwwzeQFaxiPt3_017vnGIx_43_qQOMvOsqduSDf9McCOQNID7oITlQREoQ3y7MPc_5QK-PBFRN2UIGsmEIYW1Rmxsk0WA512NIfJOodIjb60DYa4fHk4AYZmy3-H9tqI9UGF_lzxXdC337GNLumJulae-v7MnVjBnQYt86fVxBoL5x6CjD13V8s-2e6JFEWgQ&key=AIzaSyAvYrDzM-nkvO31l6yReM9py8xvxoy5WxI,36.9645218,-122.0166672,,Santa Cruz,,2-3 hours,Monday: Closed; Tuesday: Closed; Wednesday: Closed; Thursday: Closed; Friday: Closed; Saturday: 11:00 AM – 8:00 PM; Sunday: 12:00 – 7:00 PM,(831) 423-5590,https://beachboardwalk.com/,,,,,"attraction,tourist,family,fun",true,false,,"sunny,partly-cloudy",false,55,80,false,true,1,,false,,,,,false,false,,false,4.6,48477,,"attraction, tourist, family, fun",santa-cruz-beach-boardwalk,Published,Google Places,,,,false,year-round
santa-cruz-wharf,Santa Cruz Wharf,Santa Cruz Wharf in Santa Cruz. Attraction activity perfect for sunny weather.,,Attraction,25,Mixed,"21 Municipal Wharf, Santa Cruz, CA 95060, USA",https://maps.googleapis.com/maps/api/place/photo?maxwidth=1200&photoreference=AciIO2fx9NQ1fIvCOAGVKjMwAjFrQfEy2MvRSUU3o_nEodWrnc7fWI8wCEw1ZkYhG7YSe9dstXG_0AQ-Htbn5ia4EN25O1p98kQQuPjDMdfTBrsJdBP57pRsaEZD8PHaraaLzmFpQ89jxGLZF-zl_m0iF2cQ2CMWje5u5lDL90ynP_ryX_-LsHuQCGRmXNIGSZlL-vM6XXTRNIui8aK9Xa4gh12byDYuidapjn-Pwuw5OKXwk8r8jvma71kfLmMo1SIEBAzgnc9HwUSvhOwfrG1ESIAYw2lrdHJ_PQqZfn4WjGkpHQ&key=AIzaSyAvYrDzM-nkvO31l6yReM9py8xvxoy5WxI,36.9625858,-122.02355,,Santa Cruz,,2-3 hours,Monday: 5:00 AM – 2:00 AM; Tuesday: 5:00 AM – 2:00 AM; Wednesday: 5:00 AM – 2:00 AM; Thursday: 5:00 AM – 2:00 AM; Friday: 5:00 AM – 2:00 AM; Saturday: 5:00 AM – 2:00 AM; Sunday: 5:00 AM – 2:00 AM,(831) 420-5726,http://www.cityofsantacruz.com/government/city-departments/parks-recreation/facilities/santa-cruz-wharf,,,,,"attraction,tourist,family,fun",true,false,,"sunny,partly-cloudy",false,55,80,false,true,1,,false,,,,,false,false,,false,4.6,15239,,"attraction, tourist, family, fun",santa-cruz-wharf,Published,Google Places,,,,false,year-round
giggles-n-wiggles-bouncer-arcades-family-entertain,"Giggles-N-Wiggles Bouncer, Arcades family entertainment center","Giggles-N-Wiggles Bouncer, Arcades family entertainment center in Santa Cruz. Indoor Activity activity perfect for rainy weather.",,Indoor Activity,20,Indoor,"1855 41st, Capitola Rd Suite F12, Capitola, CA 95010, USA",https://maps.googleapis.com/maps/api/place/photo?maxwidth=1200&photoreference=AciIO2d1XcpWrwLb-A8FTsalqcjdFa0sWBenm2X-iWuNuLqc0UEtRsy_AYlPQvjOA3tVxhrw1IuMdtFM19hfL6WRJt1e6aauW7czXUTjFAybbf1I7tQq4F1kTfA08QYJS5rm45ShtwfNjaudIN4621mFXC63JgePyyRQUoa-1VNx-ZrSgXBn0JZkZAFo98JJteld6Cu7EZfz-I_rddWCgMLQzgXmyTmuK-2dwOFxh2Aw2sFPvDycnKXFIHdbcbzizAUnBtUF6_Zifyv1SZlyd4lrHDn4n11MCbBzlNWUDqTLRB2AkWY7eNQhWmtehl1C_t_hG96vT9CTmNJHiGQmBAfcf_AtS0q8G_v_bIou_HTJ4-hwz-JLyfMMrkiCkeKv2KrMyXtZuLIqKW1UwmCCerI6Odq8RaS3XQULZFmO1c6gC8CT5VJv&key=AIzaSyAvYrDzM-nkvO31l6yReM9py8xvxoy5WxI,36.9753356,-121.9664707,,Santa Cruz,,1-2 hours,Monday: 3:00 – 7:00 PM; Tuesday: 3:00 – 7:00 PM; Wednesday: 3:00 – 7:00 PM; Thursday: 3:00 – 7:00 PM; Friday: 3:00 – 7:00 PM; Saturday: 11:00 AM – 7:00 PM; Sunday: 11:00 AM – 6:00 PM,(831) 291-4004,http://www.gigglesnwigglescapitola.com/,,,,,"indoor,entertainment,rainy-day",true,false,,"rainy,cloudy,foggy,any",true,40,100,false,false,1,,false,,,,,false,false,,false,4.4,7,,"indoor, entertainment, rainy-day",giggles-n-wiggles-bouncer-arcades-family-entertain,Published,Google Places,,,,false,year-round
casino-arcade,Casino Arcade,Casino Arcade in Santa Cruz. Indoor Activity activity perfect for rainy weather.,,Indoor Activity,20,Indoor,"400 Beach St, Santa Cruz, CA 95060, USA",https://maps.googleapis.com/maps/api/place/photo?maxwidth=1200&photoreference=AciIO2eNs8LcgZ4cDMVA0SFMkiMLONrCN3onke5bENIcUDZQYKnH-Q90W7dUQFGS2Ttq7PchcldwsxoHoZgerrhXA7mUnf7JyW0nIZvd6mo94ei6q-clRTsN-L_W8UowYLgQw7DAawQ92XqlXf1q1eN53huKMuvVtXywC_CL_RqlSQ6FmJ5LyD8ufha293JYdYX9z6WyltFPGQNoIWygHsXmnhWLRzdsOKqhQ95GZEbrXQ_yXsh-frUktRgusfcLsrTSRyniKBDtqYs-fdNbILNpoxryS9vVeQie7YY5Xv82qxN4MA&key=AIzaSyAvYrDzM-nkvO31l6yReM9py8xvxoy5WxI,36.9639462,-122.0200013,,Santa Cruz,,1-2 hours,Monday: 11:00 AM – 9:00 PM; Tuesday: 11:00 AM – 9:00 PM; Wednesday: 11:00 AM – 9:00 PM; Thursday: 11:00 AM – 9:00 PM; Friday: 11:00 AM – 12:00 AM; Saturday: 12:00 AM – 10:00 PM; Sunday: 10:00 AM – 9:00 PM,(831) 423-5590,https://beachboardwalk.com/Casino-Arcade,,,,,"indoor,entertainment,rainy-day",false,false,,"rainy,cloudy,foggy,any",true,40,100,false,false,1,,false,,,,,false,false,,false,4.5,619,,"indoor, entertainment, rainy-day",casino-arcade,Published,Google Places,,,,false,year-round
mercantile-arcade,Mercantile Arcade,Mercantile Arcade in Santa Cruz. Indoor Activity activity perfect for rainy weather.,,Indoor Activity,20,Indoor,"115 San Jose Ave, Capitola, CA 95010, USA",https://maps.googleapis.com/maps/api/place/photo?maxwidth=1200&photoreference=AciIO2eNb96eKmpNY3vlwws9drhaa3XDwmWc5BzY1wk3OwgPqkw9mpCy7L8PUqrsfL-pit2sR970jI41WJFGMa3A2juG7oWJv9ii4P6YjEF5iCvunIdzkrk6TkDLJITCoYfcGJG58QGjizTCwAHVicK5TI2HuDMpfV7VTwsfREsuaVuxVhEZzTZzutweGsRREefG2TLqN1riELQn54oikoyUNkFv52XmzNL0cXGszsSEmfzm-U0X3wxsIjPboGjDQK4S7TXpjEdbpqwEGzmGytYEUtscZ_X1MEHy_CrP-1D1yPkAog&key=AIzaSyAvYrDzM-nkvO31l6yReM9py8xvxoy5WxI,36.9724695,-121.9518126,,Santa Cruz,,1-2 hours,Monday: 7:30 AM – 11:00 PM; Tuesday: 7:30 AM – 11:00 PM; Wednesday: 7:30 AM – 11:00 PM; Thursday: 7:30 AM – 11:00 PM; Friday: 7:30 AM – 11:00 PM; Saturday: 7:30 AM – 11:00 PM; Sunday: 7:30 AM – 11:00 PM,(831) 818-9593,http://capitolamercantile.com/,,,,,"indoor,entertainment,rainy-day",false,false,,"rainy,cloudy,foggy,any",true,40,100,false,false,1,,false,,,,,false,false,,false,3.8,15,,"indoor, entertainment, rainy-day",mercantile-arcade,Published,Google Places,,,,false,year-round
santa-cruz-mountain-brewing,Santa Cruz Mountain Brewing,Santa Cruz Mountain Brewing in Santa Cruz. Food & Drink activity perfect for any weather.,,Food & Drink,40,Covered,"402 Ingalls St #27, Santa Cruz, CA 95060, USA",https://maps.googleapis.com/maps/api/place/photo?maxwidth=1200&photoreference=AciIO2cVvxDEMqPePzVCbabVTifp0uolBJsQSd0kETb58YPOy-zo7Ms2gZN9Z9JtVVlHFR4ICOPE4Y_7lrmoOsQQP1ROdip7cIu7IcpeP-jEeOgkzxuQrh2QY0A--UvGsUNb2X5afhPwYv2HzZGoYLzk9XhE52_CqUzz69vuDNdOApPg85C1nf4BUUbsh54l7gnERbYhFkF5jML5WHuTdt15gY965gwwZL3KrFcTDyUdiWEoPR_WNbiumXrONjc6K6o15N2EcLKDKrK9aOXZQohGcoXpiYXb6xSjfv_YbMjOP9q-mYaZ2PHxLpuoOk1r68M8KCI77J22C1uhjRPCyNXDazTm2GqRKcSXQB8VUePjHPBoXZzdnLV7SFVyCuum79JhtKZCM9U05QvQGTE5d1iFjpLyBg6v0o3vUSx98kVZnCJPfQ&key=AIzaSyAvYrDzM-nkvO31l6yReM9py8xvxoy5WxI,36.9591246,-122.0481543,,Santa Cruz,,1-2 hours,Monday: 3:00 – 8:00 PM; Tuesday: 12:00 – 9:00 PM; Wednesday: 12:00 – 9:00 PM; Thursday: 12:00 – 9:00 PM; Friday: 12:00 – 10:00 PM; Saturday: 12:00 – 10:00 PM; Sunday: 12:00 – 8:00 PM,,,,,,,"brewery,winery,drinks,adults,indoor",false,false,,any,true,50,85,false,false,1,,false,,,,,false,false,,false,4.5,367,,"brewery, winery, drinks, adults, indoor",santa-cruz-mountain-brewing,Published,Google Places,,,,false,year-round
sante-adairius-santa-cruz-portal,Sante Adairius • Santa Cruz Portal,Sante Adairius • Santa Cruz Portal in Santa Cruz. Food & Drink activity perfect for any weather.,,Food & Drink,20,Covered,"1315 Water St, Santa Cruz, CA 95062, USA",https://maps.googleapis.com/maps/api/place/photo?maxwidth=1200&photoreference=AciIO2foMg-wdLaNikIKSVniFVIN1Chr2VhDp-rhqDWZDT0MakKwtaO2OUeyujIKIRUvekBcDZKJm1MPDQrnCi1kbkv1PbhkEIaApUV9C2uQZ-i_D7kvSzloi-NH2qzPVDQOvRn0Jpu0xUSX-jaxQbg-sImHP5mrTz8HcDMDN-SjgMbHi--vmjWrQIfN-JN4ztBTmyvzE4BrFU30MM7p3X6CuntoaO8d00udJJwDtx4K-mO-xNXwfvz2lLpJXpgGRjY7h2SGB9CDjQNdt5Hg5_ofJkF68WCPy0gEt_8WMYUmuSvPR7EoSpzgFWnoSXvaxTsB2JcocJA0hwVGKAxPWtdhoa5XsDW9EPppcSQYXAzOKFGAJPKGZdvXgZCtX9QY9CieujmBfk-WxHta8tSzH8uqRnrtJY-1qFnabbf41qR0Tlt89jBZ&key=AIzaSyAvYrDzM-nkvO31l6yReM9py8xvxoy5WxI,36.9815289,-122.0075895,,Santa Cruz,,1-2 hours,Monday: 12:00 – 9:00 PM; Tuesday: 12:00 – 9:00 PM; Wednesday: 12:00 – 9:00 PM; Thursday: 12:00 – 9:00 PM; Friday: 12:00 – 10:00 PM; Saturday: 12:00 – 10:00 PM; Sunday: 12:00 – 9:00 PM,(831) 201-4141,http://www.rusticales.com/,,,,,"brewery,winery,drinks,adults,indoor",false,false,,any,true,50,85,false,false,1,,false,,,,,false,false,,false,4.7,272,,"brewery, winery, drinks, adults, indoor",sante-adairius-santa-cruz-portal,Published,Google Places,,,,false,year-round
discretion-brewing,Discretion Brewing,Discretion Brewing in Santa Cruz. Food & Drink activity perfect for any weather.,,Food & Drink,30,Covered,"2703 41st Ave Ste. A, Soquel, CA 95073, USA",https://maps.googleapis.com/maps/api/place/photo?maxwidth=1200&photoreference=AciIO2eQnMY4y0uazmYxctf57HGPXMPoRaBpL_AXhTBwCO1L6wuUPRZLXcLnu9Q5qmOIDlBzLYTUTvwKEGWFLHW6rrj3AgaPyEDcafRVRuFslpVXkqhf2iCN_PbZanVHtOeHSoC13MRkA6fgdXlFptF0ptMc3k725ZCW122xhx00CFRP-R6UzBLLXJBiqmySqNB29rRmVBoCGEfntbsJF679yOU3ntORjj37giPsNK6EK2j0v_aMR69ddFgTd1XDPcuHC5hSDALeITrzQ04n-5vrQORvExsRqZ90LWJvLejJmFBi1Q&key=AIzaSyAvYrDzM-nkvO31l6yReM9py8xvxoy5WxI,36.9856815,-121.9658362,,Santa Cruz,,1-2 hours,Monday: 12:00 – 9:00 PM; Tuesday: 12:00 – 9:00 PM; Wednesday: 12:00 – 9:00 PM; Thursday: 12:00 – 9:00 PM; Friday: 12:00 – 9:00 PM; Saturday: 12:00 – 9:00 PM; Sunday: 12:00 – 9:00 PM,(831) 316-0662,http://www.discretionbrewing.com/,,,,,"brewery,winery,drinks,adults,indoor",false,false,,any,true,50,85,false,false,1,,false,,,,,false,false,,false,4.6,350,,"brewery, winery, drinks, adults, indoor",discretion-brewing,Published,Google Places,,,,false,year-round
hallcrest-vineyards-and-santa-cruz-scrumpy-cider,Hallcrest Vineyards and Santa Cruz Scrumpy Cider,Hallcrest Vineyards and Santa Cruz Scrumpy Cider in Santa Cruz. Food & Drink activity perfect for any weather.,,Food & Drink,40,Covered,"379 Felton Empire Rd, Felton, CA 95018, USA",https://maps.googleapis.com/maps/api/place/photo?maxwidth=1200&photoreference=AciIO2fmreW39Q87hi6PwI2JlLz1vqyY-_L5g9XySK7fIYPpazhR_W8lgVeK4Oxf2UQpWf6cju5D_1pfijThsTdWNLgLmK_Fg_nFwh5bPZ1HwCImNxNsRX3tb1NCCNTFeBnST4-IdLKEyWj35rkHKqqT9-f6zf5ot1uE8HKAYZIv9RTimFsGlsPBxzutSz8-sUylGCa64XYG_3XNJZVnRNz219POTOcaAjG4lgkRv9eEpVwy8LdHdPVIoS0uhMOZ33cLYVZUkwIwaS2KIuGGadb5ic0MqUhm0Dc3bLi2VzVOoZPPXJaKoQTlBx1u2gQ8ygnIErCKnPia0AUSPlNuiM0SZ_qjLrXp0nKND1R6k8kTtplKUPPdmrw05oOsx2GqdaDZ4PeYbNBT074DWknz_L6Ol82Ys_5FtEslNA2ABaTzizsokg&key=AIzaSyAvYrDzM-nkvO31l6yReM9py8xvxoy5WxI,37.0515798,-122.0776789,,Santa Cruz,,1-2 hours,Monday: 12:00 – 5:00 PM; Tuesday: Closed; Wednesday: Closed; Thursday: 12:00 – 5:00 PM; Friday: 12:00 – 5:00 PM; Saturday: 12:00 – 5:00 PM; Sunday: 12:00 – 5:00 PM,,https://www.hallcrestvineyards.com/,,,,,"brewery,winery,drinks,adults,indoor",false,false,,any,true,50,85,false,false,1,,false,,,,,false,false,,false,4.8,116,,"brewery, winery, drinks, adults, indoor",hallcrest-vineyards-and-santa-cruz-scrumpy-cider,Published,Google Places,,,,false,year-round
sante-adairius-rustic-ales,Sante Adairius Rustic Ales,Sante Adairius Rustic Ales in Santa Cruz. Food & Drink activity perfect for any weather.,,Food & Drink,40,Covered,"103 Kennedy Dr, Capitola, CA 95010, USA",https://maps.googleapis.com/maps/api/place/photo?maxwidth=1200&photoreference=AciIO2fQTv87A6w3jvDe4QF73-8r3c-63zO7J_ee0xBWK0PZioLJyAMarpZq-ftwipgcdvq2wAMZOmPJ2ObHHtF_iHzjNJagXOPAB9OeBfxX-7y1iMp7P3CI4iOBM7Ql9mMTEvJClgDRWqIKjfoqAR7bAtqL5igJ-YZ19CwePpHWo5h18WK68GtBRWsUrO-ljt65ugiDfyi1XwVKR52pZdXhde91cjXKOhe_piRQ51xKNsByVij3E-zsl_g6-PO3Ynu4usiC5OBI0CBLXZKclr7NO7FKpWmiawoHginh3bapTLSOEY36d4bzCpRZDfHgfXaWqcei6tInf8h5neyUQXyoDBTDyG4B5y4YZXv0AqGWnKoClBSbSCGjwHXawMGm1B-DDQ9EnvpVjnkzkgiW3AT9Buf6pKEeNL7eIUUCo-MruGRPKmWM&key=AIzaSyAvYrDzM-nkvO31l6yReM9py8xvxoy5WxI,36.9833143,-121.9495774,,Santa Cruz,,1-2 hours,Monday: Closed; Tuesday: 2:00 – 8:00 PM; Wednesday: 2:00 – 8:00 PM; Thursday: 2:00 – 8:00 PM; Friday: 12:00 – 8:00 PM; Saturday: 12:00 – 8:00 PM; Sunday: 12:00 – 7:00 PM,(831) 462-1227,http://www.rusticales.com/,,,,,"brewery,winery,drinks,adults,indoor",false,false,,any,true,50,85,false,false,1,,false,,,,,false,false,,false,4.8,256,,"brewery, winery, drinks, adults, indoor",sante-adairius-rustic-ales,Published,Google Places,,,,false,year-round
venture-quest-kayak,Venture Quest Kayak,Venture Quest Kayak in Santa Cruz. Water Activity activity perfect for sunny weather.,,Water Activity,20,Outdoor,"Municipal Wharf #2, Santa Cruz, CA 95060, USA",https://maps.googleapis.com/maps/api/place/photo?maxwidth=1200&photoreference=AciIO2fKx0AqXgWial0Lq3lnE54TzDQ1CQxPXOqK05wtfwx27jiwNIUEhrd1ArnJ499V7SWwpRTopk7C2k4GYvhOgcGGMbjD8hgC3LcJx9dTDfgUhSzGAg14BytQ6Sq8b98XVYrmBlPh2hz1j-QH_iNj-ohLTU-R4wxiwnhKWkNErnAe4nHdN12tnLSGzorEYzU42k9uW8LskeO81oJ12uqNOF9gmmLT3-SLZ-YE1NmEvo324YV_rdx9GuBoJ1c8PupECDJvz-oFVKTXMPihmRmTbISA_KM6qVjfWivTm_01pvfg4ZOPqHy0IxqydS8iKjZiuxDOwdM3h8FDEkojPeyUaRwk0pXqBFU2ma7HiMBfdz83TR94y3KiPcT_KAung1-lwPjrs6ofqIVsw-j-7uVUoOQjdE_dtwqP6uGv1GHcU-JNwkOO&key=AIzaSyAvYrDzM-nkvO31l6yReM9py8xvxoy5WxI,36.961154,-122.0216014,,Santa Cruz,,2-4 hours,Monday: 9:00 AM – 5:00 PM; Tuesday: 9:00 AM – 5:00 PM; Wednesday: 9:00 AM – 5:00 PM; Thursday: 9:00 AM – 5:00 PM; Friday: 9:00 AM – 5:00 PM; Saturday: 9:00 AM – 5:00 PM; Sunday: 9:00 AM – 5:00 PM,(831) 427-2267,http://www.kayaksantacruz.com/,,,,,"water-sports,surfing,kayaking,outdoor,active",false,false,,"sunny,partly-cloudy,warm",false,65,85,true,true,1,any-tide,false,,,,,false,false,,false,4.8,81,,"water-sports, surfing, kayaking, outdoor, active",venture-quest-kayak,Published,Google Places,,,,false,year-round
kayak-connection,Kayak Connection,Kayak Connection in Santa Cruz. Water Activity activity perfect for sunny weather.,,Water Activity,20,Outdoor,"413 Lake Ave UNIT 104, Santa Cruz, CA 95062, USA",https://maps.googleapis.com/maps/api/place/photo?maxwidth=1200&photoreference=AciIO2dzEhHafZRibBrHdgtaCIEINU8m25nlSAU_uMP9agv3nJDwfQqeKL3Fw9dtw_IWwcM_B3ONKxhyOoReEdPkHpFRWbZEOM3xCTXenbENEgtT9xrwR1I0xRDsHHUnmzwx-r9_ic8xr2TgJdzpeAzzuOjZuI-z93YOiroOVSkEaDgvHNGvCozSqr1vszFz4rO--VjZyX-CVGpYEUrlqz9fJdBJr0BpLV8os9RXYZ_07kBMKV9N7GViNUOF66oUXj_4zBP9ru2fL0iaSYuoG10c1Hf-3hKGlvu_QdlaLPiaTh8Hxw&key=AIzaSyAvYrDzM-nkvO31l6yReM9py8xvxoy5WxI,36.9666737,-122.0010254,,Santa Cruz,,2-4 hours,Monday: 10:00 AM – 6:00 PM; Tuesday: 10:00 AM – 6:00 PM; Wednesday: 10:00 AM – 6:00 PM; Thursday: 10:00 AM – 6:00 PM; Friday: 10:00 AM – 6:00 PM; Saturday: 9:30 AM – 6:00 PM; Sunday: 9:30 AM – 6:00 PM,(831) 479-1121,https://www.kayakconnection.com/,,,,,"water-sports,surfing,kayaking,outdoor,active",false,false,,"sunny,partly-cloudy,warm",false,65,85,true,true,1,any-tide,false,,,,,false,false,,false,4.6,89,,"water-sports, surfing, kayaking, outdoor, active",kayak-connection,Published,Google Places,,,,false,year-round
kayak-connection,Kayak Connection,Kayak Connection in Santa Cruz. Water Activity activity perfect for sunny weather.,,Water Activity,20,Outdoor,"2370 CA-1, Moss Landing, CA 95039, USA",https://maps.googleapis.com/maps/api/place/photo?maxwidth=1200&photoreference=AciIO2dm_KkrUvDoZQgB8zkFy5zVDNUfC5VLDjBMyFLxVPHKFFPxD5f5eOmDZ0OPcCuzSBGOi9rw1NqaPYB6SnZh-UAK3_zekG5sHDqeE8Hd99RlHUJ_q35BS2bjGc-hVGbzoQ6p2DSk6eekLeWpvcjkVy_ulHI75wq9CD4NCxGAD_KkTfDFZYEC0ysb9d23acUyYDbOX5R6g2A4y07N3thGApCXO3wXAEcgQoKk6HSeJIUFpEkUUimOp6UTW0zx50gsnfVsrXRgvXmen3L2USqICAKBerK0TEnTnBls9Ht756MwGg&key=AIzaSyAvYrDzM-nkvO31l6yReM9py8xvxoy5WxI,36.8136871,-121.7867359,,Santa Cruz,,2-4 hours,Monday: 9:00 AM – 5:00 PM; Tuesday: 9:00 AM – 5:00 PM; Wednesday: 9:00 AM – 5:00 PM; Thursday: 9:00 AM – 5:00 PM; Friday: 9:00 AM – 5:00 PM; Saturday: 9:00 AM – 5:00 PM; Sunday: 9:00 AM – 5:00 PM,(831) 724-5692,https://www.kayakconnection.com/,,,,,"water-sports,surfing,kayaking,outdoor,active",false,false,,"sunny,partly-cloudy,warm",false,65,85,true,true,1,any-tide,false,,,,,false,false,,false,4.8,590,,"water-sports, surfing, kayaking, outdoor, active",kayak-connection,Published,Google Places,,,,false,year-round
bookshop-santa-cruz,Bookshop Santa Cruz,Bookshop Santa Cruz in Santa Cruz. Shopping activity perfect for any weather.,,Shopping,20,Mixed,"1520 Pacific Ave, Santa Cruz, CA 95060, USA",https://maps.googleapis.com/maps/api/place/photo?maxwidth=1200&photoreference=AciIO2d8nigvaMguxFaJhsglwGZYpyAVhky_Hpgs7LxSjoCJMsxKhNq6ZLbcqotr_3ABe7WEcbYHoML6z5ya2ewlGgixPC7rK-IsDJzJ6gKGAazvwxbHajw9AH2hLlfU9KcRhNz7yQSnT_FwCGBeoYhyFphqtJmakSFNwhd1Vxh_i8rTo_iHl3L-n5lG1DU1jnFVIPmqVB1MvX3l_SkhyNlaD3MRa0k0swGypEIhkwffWMXIFrOaBICM2Bw4qajNgaObRgU4E-Fg8d8ROhGYVTjos_ZStfE1a2Ko04p7Gq1uByp4Y8LZrNLNaWBEmeQb9LRorwHAH0sFBMEIXRG243tiHIYnf9mPh9b5VxlAUJvS6anN55iT4DUz7hHUiUZ7r25n5IdtMwUIlqpNUGgHALUaqhptvx2_ZRmoSS4G0VznXho&key=AIzaSyAvYrDzM-nkvO31l6yReM9py8xvxoy5WxI,36.975497,-122.0261566,,Santa Cruz,,1-2 hours,Monday: 9:00 AM – 9:00 PM; Tuesday: 9:00 AM – 9:00 PM; Wednesday: 9:00 AM – 9:00 PM; Thursday: 9:00 AM – 9:00 PM; Friday: 9:00 AM – 9:00 PM; Saturday: 9:00 AM – 9:00 PM; Sunday: 9:00 AM – 9:00 PM,(831) 423-0900,http://www.bookshopsantacruz.com/,,,,,"shopping,retail,downtown",false,false,,any,true,50,85,false,false,1,,false,,,,,false,false,,false,4.8,2253,,"shopping, retail, downtown",bookshop-santa-cruz,Published,Google Places,,,,false,year-round
tannery-arts-center,Tannery Arts Center,Tannery Arts Center in Santa Cruz. Arts & Culture activity perfect for any weather.,,Arts & Culture,20,Indoor,"1010 to 1070, 1010 River St, Santa Cruz, CA 95060, USA",https://maps.googleapis.com/maps/api/place/photo?maxwidth=1200&photoreference=AciIO2fUsWz07Nfdr88TGdsyVFqIQYn9303S57DgEeiRonvNQ7N1f73XChAcUWAfA57cF2Erz_Oj2Vt7v1TspN2wXqZM9wCF7UY0oguAlIUuC01cZySD0Bd4AdllZ6yqo7GVBMJJauCzp5c3z7pwO9JTxVT-zVl3ty21Jm5yne_oExOTBhcYze6RvZL1AqBczRbi0FzaPHnTJntlYuRveQMUY-SX0BIalm5D3I_l7lo5ARdstqgbxLhYHzz3SXwvqROBpcdkiMCyNzyxh2j8iQdEy3VKf5yp4z0z2r_xx0oCs3P0J-auXH9-dQmpOZ-JA86IDKBL3JSKpQkHpRnyD-iPOzJu-LZ9aQLVyi2KKl9xfd1ZwQVvg6HbBBMslTZCxT4ibxYOn2DYvwijSAawVgfEEBdaDT-NcvInpzwL6Db-tYrB8Co&key=AIzaSyAvYrDzM-nkvO31l6yReM9py8xvxoy5WxI,36.9883371,-122.0298932,,Santa Cruz,,2-3 hours,,(831) 621-6226,http://tanneryartscenter.org/,,,,,"arts,culture,theater,music,indoor",false,false,,any,true,50,90,false,false,1,,false,,,,,false,false,,false,4.5,86,,"arts, culture, theater, music, indoor",tannery-arts-center,Published,Google Places,,,,false,year-round
colligan-theater-at-the-tannery-arts-center,Colligan Theater at the Tannery Arts Center,Colligan Theater at the Tannery Arts Center in Santa Cruz. Arts & Culture activity perfect for any weather.,,Arts & Culture,20,Indoor,"1010 River St, Santa Cruz, CA 95060, USA",https://maps.googleapis.com/maps/api/place/photo?maxwidth=1200&photoreference=AciIO2cHN9Ynk-jpw1Y6jsvnop5uDseEddgV_bxyhARINz4rjBIN4rhg329LeZzou5MOef4U9VWVGQ0KN2N0ks55rZQ6f5VlE1CTUiMYnp8MBdEPlSk9oyuZVnZDEBNi-1pbmCLb_lAJl8aa6W87ahQ1k7tsJoWAPG6pYUfvr6jDEI9PTPXDW8qi5rt5411lvTK7VlCRyCMYGfcoAODk2U952Yx5Xc5GoIjaTy8FrdZuJNxllyHz3rq0QYC7L4AWUUUyqYR-4onOErVBRMOy1tZ5n7DkAJx0rhxAj-SQlrcycKl38laWmfV8UbN9tCb9cwhYr8KIxTEVcnp40Jd1Sg1G7Kcl0t9xYbi918QPtWsy_WlcHfeaXmJBGLzihX4_-kdCFXM2b5VtgvJQoIX7Ei6d3XSs4IGceYe288ibwv7jj06AYQ&key=AIzaSyAvYrDzM-nkvO31l6yReM9py8xvxoy5WxI,36.986795,-122.0296623,,Santa Cruz,,2-3 hours,,(831) 345-6340,https://colligantheater.org/,,,,,"arts,culture,theater,music,indoor",false,false,,any,true,50,90,false,false,1,,false,,,,,false,false,,false,4.7,38,,"arts, culture, theater, music, indoor",colligan-theater-at-the-tannery-arts-center,Published,Google Places,,,,false,year-round
rio-theatre,Rio Theatre,Rio Theatre in Santa Cruz. Arts & Culture activity perfect for any weather.,,Arts & Culture,20,Indoor,"1205 Soquel Ave, Santa Cruz, CA 95062, USA",https://maps.googleapis.com/maps/api/place/photo?maxwidth=1200&photoreference=AciIO2dN2-1LH_2HvPzJ4KXiO9AyvC9uEaj5-FsRkhuD2WFFWXNuI4Rrt_5IfIVEM2eAKCbYnIBENVpe3kvjltPCoQtKhBvzeqXVDqOTc21RLSLUnLYnjQzVnr1DHeMyeo_GhKKRskY91qO2mjqwuZwg5JtKcgmo5t3slnsyB7D-Tyn8aT9VVHYu_8eF_Fu3IRvZnHhsxakJ0ojHXQ4A_DjWNSrJGzWNcxE6yUrmMLieVruwdXUwR4DGWveGjxR4PBzzpTkxlIdm2A7kLeL0m0d5pYCnluvHVF6QIFUpThuwT_6VL66oWSRrLeiFgT7P0n889sojpMMT5SeDv9zF-Hblj2WCLnj7aeJuJ-TlqYaHV55pQ0mvZjUpcYCBPnFbm2v9b5lPjwr1opox5TlUVUEknGQaenlwq6PaHeLnv8Y4AhfMM_ox&key=AIzaSyAvYrDzM-nkvO31l6yReM9py8xvxoy5WxI,36.9800079,-122.0104175,,Santa Cruz,,2-3 hours,,(831) 423-8209,http://riotheatre.com/,,,,,"arts,culture,theater,music,indoor",false,false,,any,true,50,90,false,false,1,,false,,,,,false,false,,false,4.5,452,,"arts, culture, theater, music, indoor",rio-theatre,Published,Google Places,,,,false,year-round