Name,Category,Description,Address,Phone,Website,Latitude,Longitude,Neighborhood,Services,Tags,PriceLevel,Hours,Rating,ReviewCount,PhotoURL
Pleasure Point Yoga,Yoga Studio,Ocean-view yoga studio specializing in vinyasa flow,Ocean-view yoga studio specializing in vinyasa flow,(831) 479-9642,https://www.pleasurepointsanctuary.com/,CA,95062,(831) 475-7530,,Private sessions available,,Monday: 7:00 AM – 8:30 PM; Tuesday: 7:00 AM – 8:30 PM; Wednesday: 7:00 AM – 8:30 PM; Thursday: 7:00 AM – 8:30 PM; Friday: 7:00 AM – 8:30 PM; Saturday: 8:00 – 11:30 AM; Sunday: 8:00 – 11:30 AM,4.7,15,https://maps.googleapis.com/maps/api/place/photo?maxwidth=800&photoreference=AciIO2cAX4hvR8wQzCpj2bEFgadepmHjhZNchkEgH7IGe4g4xaoV7yRp_x6PM--pcqqAHzu2eKV58jRdLlJBIhCk1WGjUUIS0nwnA6W0y99Q_P2MJ_STZ3o3UEGoDtQixP7doNAGyGYWB2tc9O2W4Tad9qHiJYP0MxBEDQuYSgy0xVZCx1xPLHbytBxhGMOIBvXtL-nIVC3b4oQNhhpRgompczggKu9tWVoEXxCUnCOXz7xQIA7MJeiMQRv7OoDGEMrYcq3CnUG_URB0npJ5dBqYKdy4xCRXKgfMQl1D8xSha5YHKw&key=AIzaSyAvYrDzM-nkvO31l6yReM9py8xvxoy5WxI
Village Yoga Santa Cruz,Yoga Studio,Community yoga studio with various classes,and empowerment.,(831) 400-6362,http://www.villageyogasantacruz.com/,CA 95060,Santa Cruz,CA,(831) 425-5678,Walk-ins welcome,-122.0308,Monday: 6:00 AM – 9:00 PM; Tuesday: 6:00 AM – 9:00 PM; Wednesday: 6:00 AM – 9:00 PM; Thursday: 6:00 AM – 9:00 PM; Friday: 6:00 AM – 7:30 PM; Saturday: 8:00 AM – 5:30 PM; Sunday: 8:00 AM – 5:30 PM,4.8,27,https://maps.googleapis.com/maps/api/place/photo?maxwidth=800&photoreference=AciIO2dfIJBkH3h5nxLNine8qQu51nalBiSGL2BdwqZ3Gg1leC8LIV6xLEEqVrrPbNTTUg1wr3xX0xlCkh8pz1SCCxugtgrVqO_0tVScrvQr1X6tiMsqt4Me2lUb5C1OIxyHbT3XaHX7k5aN6pkISbl7YS6IqFsfhJVMcqr6uYBsdwGGDOmOPbmohAW13nDq1XDpZrk93MhVPkffRWGVfWa7C5k16HBhwfRFYm_gHadsLsMCqu4GP_X6XXei9DZ812VOd9PEF8uNcivsgJAC9_oDsZn3JMxczPH-Xkg96KMtyh5y5A&key=AIzaSyAvYrDzM-nkvO31l6yReM9py8xvxoy5WxI
Santa Cruz Yoga,Yoga Studio,Premier yoga studio offering classes for all levels with skilled instructors.,,(831) 227-2215,http://www.santacruzyoga.net/,,,,-122.0308,50+,Private Sessions,Monday: 7:00 AM – 8:00 PM; Tuesday: 7:00 AM – 8:00 PM; Wednesday: 7:00 AM – 8:00 PM; Thursday: 7:00 AM – 8:00 PM; Friday: 7:00 AM – 8:00 PM; Saturday: 7:00 AM – 8:00 PM; Sunday: 7:00 AM – 8:00 PM,4.4,32,https://maps.googleapis.com/maps/api/place/photo?maxwidth=800&photoreference=AciIO2fyV-v3HUywQEXSlp_h1sugQdzDjRTYc1yjnzqSnITTkV_bAb6McRINnWE3mM3ECr5Hvu7lwNxqz_kKr6wocq_MIjpFG7q5RwBIl6jSomeYGHiBxkSYlix6iwlCx1iPYBa_LjI7BkEO86fhJER4bzH-5jkGm2nX3X44-7V_-w-4W3lLWPE5BbBDOBFwlb-DV5ymgW-dnKDmeLTsXHz193OdSdUYL2r_DdcgMr9It6t4-VJlxi-HGUZkhBlToXfFcjnWGQIoHf0OeLv0bUkzRmqKXq_MpAIi1WY6VBERmw8hAQ&key=AIzaSyAvYrDzM-nkvO31l6yReM9py8xvxoy5WxI
Live Oak Yoga & Wellness,Yoga Studio,Welcoming yoga studio offering classes for all levels,Welcoming yoga studio offering classes for all levels,(504) 527-8800,http://www.liveoakyoganola.com/,CA,95062,(831) 475-5678,,All Ages,,Monday: 6:00 AM – 9:00 PM; Tuesday: 6:00 AM – 9:00 PM; Wednesday: 6:00 AM – 9:00 PM; Thursday: 6:00 AM – 9:00 PM; Friday: 6:00 AM – 9:00 PM; Saturday: 6:00 AM – 9:00 PM; Sunday: 6:00 AM – 9:00 PM,4.9,81,https://maps.googleapis.com/maps/api/place/photo?maxwidth=800&photoreference=AciIO2cpM9SslmDJIiyM2ILp27jR955HmuDwSzezV3YuQjd_vbK9_LJGHXOY8mY1w-ntgjjPPP5KXpQu0LWhMPP_gtYIBcFu7Nj1myLCFx1VkaaV2ai2qASwLG6R4UcivR1Jy8rYn1_BVwL-mXnJ1Ym4GDZ34WAmPR7iXrImbn36vH1azFCG8B5PFTjG3HV8b-bQwl1XrDzEWXuSFz27lllpxUz8mCfxHGOhiUBZFH8bLDEFz38zAFx-fcxpkI6KweU5cS26-gKAQa-UFe1zYJIk-YiM6mOzvlpULnvUJcfMKZbbfw&key=AIzaSyAvYrDzM-nkvO31l6yReM9py8xvxoy5WxI
Club Pilates Santa Cruz,Pilates Studio,Small group and private training classes for reformer Pilates,focusing on muscle gain and overall fitness. Located in beautiful Downtown Santa Cruz,(831) 420-8001,http://clubpilates.com/santacruz/?utm_source=google.com&utm_medium=referral&utm_campaign=yext,(831) 425-1234,https://www.clubpilates.com,,,Private sessions available,Mat Pilates,Monday: 7:00 AM – 1:00 PM,Free WiFi,,4.9
Aptos Pilates Studio,Pilates Studio,Classical and contemporary pilates instruction with certified instructors and small class sizes.,,(831) 435-9064,http://www.clubpilates.com/location/aptos/?utm_source=google.com&utm_medium=referral&utm_campaign=yext,,,,-121.9014,50+,Small Groups,Monday: 9:00 AM – 5:00 PM; Tuesday: 9:00 AM – 5:00 PM; Wednesday: 9:00 AM – 5:00 PM; Thursday: 9:00 AM – 5:00 PM; Friday: 9:00 AM – 5:00 PM; Saturday: 9:00 AM – 5:00 PM; Sunday: 9:00 AM – 5:00 PM,4.8,30,https://maps.googleapis.com/maps/api/place/photo?maxwidth=800&photoreference=AciIO2eqhZar-M6fvBzfFlrwZ3WkZo1L4GoZgUHXbsBz2C0OVTek86i0uUWAFRXQS-YI2UwP-alWZEktbKwbBhE_aBHcYCPkX2G13Vx6zeCMNRbrOYt8ZMpHV-eZeCpUapQXYTNOSoapU-FFzINNsiPrryz3BAXv6pdHHfCLztBn3K4F9MGyCQBklCTzcILauCaAbdqFHpymDSdap49q3qulxNOeT_EKVdHuAh5gHkVfS9T4mLN5FSoVRBQbh2DVPTeQxrwljj2xST4uctWOcrrABwnZwnEHZyzJtwOHWIkwWtprDuIGcAHY3srtZDrlIA8hMMVcGRDM-x7ljsTFuzBsnYTRX4stJ_DxTZNcqER-yN7ypvL75wFqvH-A0nJgP6pyhBIVkJFtFIqgOqq-457Qa25YxD0ARXxaxztCSRwCBl6iPvzuLfH9TM1EJE40yA&key=AIzaSyAvYrDzM-nkvO31l6yReM9py8xvxoy5WxI
Capitola Pilates & Barre,Pilates Studio,Pilates and barre classes combining strength,Pilates and barre classes combining strength,(831) 475-8994,http://www.monarchpilates.com/,CA,95010,(831) 475-0987,,Private sessions available,,Monday: 8:30 AM – 7:30 PM; Tuesday: 6:30 AM – 6:30 PM; Wednesday: 6:30 AM – 6:30 PM; Thursday: 6:30 AM – 5:30 PM; Friday: 7:30 AM – 12:30 PM; Saturday: 8:30 AM – 12:30 PM; Sunday: 8:30 AM – 12:30 PM,5,49,https://maps.googleapis.com/maps/api/place/photo?maxwidth=800&photoreference=AciIO2edOKN74PL0JZ7kePEstPT43hXwJxXz3g1stA9t7Ygn7r97oloYdkXhAWc1qDWApa8JlEs4G40j6kiZW5e8bfhCS2enLBnBysu-IhEBjK1vgNcJ_l4K5XSn5sqt-ztxgZcEgVM-GgV3T9fEOaZYy0Oqm6s8XEOXWo9Q4AAGbiKEl0J9gA5kiRNYygxRr0Tbeh2Kv3RBaSt5b7zCYUfbf2jyHI8iV7E7JrR399wtvBfwl_2mxk8_gBoeAionQajFOFy52Lbx9DTQy_VffHFdH0UPgdhq4cuolaipgUw0GL2dSg&key=AIzaSyAvYrDzM-nkvO31l6yReM9py8xvxoy5WxI
Westside Fitness & CrossFit,Fitness Center,CrossFit box and fitness center with personal training,CrossFit box and fitness center with personal training,(800) 726-9348,http://www.westfitnesssc.com/,CA,95060,(831) 425-4567,,Private sessions available,,Monday: 6:00 AM – 7:00 PM; Tuesday: 6:00 AM – 7:00 PM; Wednesday: 6:00 AM – 7:00 PM; Thursday: 6:00 AM – 7:00 PM; Friday: 6:00 AM – 7:00 PM; Saturday: 8:00 AM – 1:00 PM; Sunday: 9:00 – 11:00 AM,4.9,34,https://maps.googleapis.com/maps/api/place/photo?maxwidth=800&photoreference=AciIO2c0sM5OMeyy3NBBpuwqnJG0HefV2WWAVIFqflae64zueSi0PvbfCIkG5wpeWzIcqlY5hIWv1MEDeVu_YX3aGdfGkE68PXm4N-DiPG2jEB29lalngM44YH-yP7n-uDpzvMGkbgYN_Hai_t_aKFAqJTliVExoRX_y-NTcwPwkDb2Quj8maVNFy3gt3KQl28WFtXzJrZz2RAnAMPO28Dze7bVuOaeG2Szsjd22-h7LWsK0mLy2n_FCuR6zIWhPMBALnBV9INbbIpkZnJGxzgSrtHHGCPdgLpRBS-zknCuT5Yc6aR0JU7UZLO6DkLCUm-EJh5BN9QUjx6J6DnxJNnTmV3BtzDdsOJidRezVAPn8C5KAWqCO_nFDyDVpziBmT7ptnObYoBr9Kcg8N8xC_GVgbgC_1a-hPbBfS0CtvcqVp8cyNA&key=AIzaSyAvYrDzM-nkvO31l6yReM9py8xvxoy5WxI
Santa Cruz Fitness,Fitness Center,Full-service fitness center with cardio,and personal training.,(831) 425-9500,https://santacruzcore.com/,CA 95066,Scotts Valley,CA,(831) 438-1234,Walk-ins welcome,-122.0147,Monday: 8:15 AM – 9:00 PM; Tuesday: 8:15 AM – 9:00 PM; Wednesday: 8:15 AM – 9:00 PM; Thursday: 8:15 AM – 9:00 PM; Friday: 8:15 AM – 9:00 PM; Saturday: 8:30 AM – 5:00 PM; Sunday: 8:30 AM – 5:00 PM,4.9,101,https://maps.googleapis.com/maps/api/place/photo?maxwidth=800&photoreference=AciIO2eCDiAN0EeUrrUVgT_C5MfBjUAjqgy_z4ii_iFme3cB-y0NoyenkhpX-6Om_IjKr64xN5fYWW2v2p5TNK7BUFDnfuZXXWl88p9I82By-SgiLDPFnYbfSpzpQLH94oEYmHU3el3ZQy_gt2dzGXyonRM1-Iv5j8XUsNY3sy0iBvaaWV_adW0ee8oU3dqnUlvOA187F9E9VIVVfx_nA_jccewSBUki9VqRo6iNa-Q6D6niQnPTww_l9-1mqF-8RY3TSmyUu0BHmUBJCQogoOYGuxQGLBfCPQRMBLXgn16NiOEZMQ&key=AIzaSyAvYrDzM-nkvO31l6yReM9py8xvxoy5WxI
Aptos Fitness Club,Fitness Center,Full-service fitness club with cardio equipment,and personal training.,(831) 475-5979,https://www.toadalfitness.com/cabrillo-fitness,CA 95003,Aptos,CA,(831) 688-4567,Licensed practitioners,-121.9014,Monday: 6:00 AM – 9:00 PM; Tuesday: 6:00 AM – 9:00 PM; Wednesday: 6:00 AM – 9:00 PM; Thursday: 6:00 AM – 9:00 PM; Friday: 6:00 AM – 9:00 PM; Saturday: 8:00 AM – 6:00 PM; Sunday: 8:00 AM – 6:00 PM,4.6,145,https://maps.googleapis.com/maps/api/place/photo?maxwidth=800&photoreference=AciIO2cD4_busviBnRJlF-Ft_m1QvMhvsf0I5bL7lhLih7-4lm0KxvWa4qiQwOB5G9cdSreqWs3Uu-TxWI5vNJ1-cjYgTm85GcRQ2y75Pn9ndqTU3Sx86LkP6ib4E7vJEDLAZ1ahJVff2f1uLEfeif9TUg6dFy92obgXg5dFat2pLaHQrM9mDtL86ZGmR7GXEz8kDc3aFqxCGEnTN-8V4449Vg-pCENuhVkdTHJANWGu2ESIVTcp-yi0gaxGxpqH43CtfyLS6LYJEF4hf18LJ4SNtTgFNSO30fCmty7zmn7mo6dnqYYFV035rADNWh2crhxHxBCNYSjD9BGalwRgA8mdQwEaabTSulQNlSYoUy9pCpyfxyithyJ58bT8IvrlVZ28rkMHokAn5sOLHZKyDWUhlidQpyDdsBgLuRA1WFh_LaTVjBbN&key=AIzaSyAvYrDzM-nkvO31l6yReM9py8xvxoy5WxI
Watsonville Community Fitness,Fitness Center,Community-focused fitness center with affordable memberships,Community-focused fitness center with affordable memberships,(831) 889-0283,https://www.envision-fit.com/,CA,95076,(831) 724-1234,,Private sessions available,,Monday: 5:00 AM – 8:00 PM; Tuesday: 5:00 AM – 8:00 PM; Wednesday: 5:00 AM – 8:00 PM; Thursday: 5:00 AM – 8:00 PM; Friday: 5:00 AM – 8:00 PM; Saturday: Closed; Sunday: Closed,5,93,https://maps.googleapis.com/maps/api/place/photo?maxwidth=800&photoreference=AciIO2fGwIk8-fM962pvjkIYC6Yw6gjudpuXhCDm_9l5JKmf63aGAN53SNX19sN42ttv2r1QGDh5akmlbuPVxEdwdbjEUxRwaKMlNkzktnm2NRkxMBPxoIAd23MpZhXA4OTa4TaICs1ureN6k_9JRKTm2210GLbxFrln0kvSA5GXyKUTqJx6QeuvvmTJcyamcC6mOrEOTF-iDZ_whkcXWHCpJZZ9rrXOt-WoZIyo_7TX5TLH6B-2OXBhpEfrv5XD4vAhseNIeQH-EjFYHyVvHwp7x33tEr4yr88mxjvgHlJfUsLmuw&key=AIzaSyAvYrDzM-nkvO31l6yReM9py8xvxoy5WxI
DESUAR Spa,Spa & Wellness,Luxury spa offering CASA GLOWSSAGE lymphatic massage and comprehensive wellness treatments.,,(831) 246-8821,https://desuar.com/,,,,-122.0308,Beginner friendly,Wellness Services,Monday: 10:00 AM – 6:00 PM; Tuesday: 10:00 AM – 6:00 PM; Wednesday: 10:00 AM – 6:00 PM; Thursday: 10:00 AM – 6:00 PM; Friday: 10:00 AM – 6:00 PM; Saturday: 10:00 AM – 6:00 PM; Sunday: 10:00 AM – 6:00 PM,4.4,16,https://maps.googleapis.com/maps/api/place/photo?maxwidth=800&photoreference=AciIO2c9QgndkOo2nNSRa57WF4od0ptVUQ-RUytcD-Oss5iuK8fhASg8TrpK9b3jmmK41MF6205F6xqaEvrShTKS_1ilu71z_7lexY_SOXoh7qAVqcxDIVvzbSCBPl7hcz2RBzr24UkjwSTQsw-B4UJjL8-VhGRiEZma99NMguMOYoivKMIvvqDo_nH2xlhGlFI_19VvYFLCXv8L-kOfzOzw_EancP3SkkNEpup5uN1mmAgf2y-FkbVU5JoqvTY4uIWOckZEEOZgFNKLsIyl564_bQFkgLBngZ5YWUiVjEB7QHxLGw&key=AIzaSyAvYrDzM-nkvO31l6yReM9py8xvxoy5WxI
The Spa at Chaminade,Spa & Wellness,Luxurious mountain spa offering massages,Luxurious mountain spa offering massages,(831) 465-3465,https://www.chaminade.com/spa-fitness/,CA,95065,(831) 475-5600,,Appointments recommended,,Monday: Closed; Tuesday: Closed; Wednesday: 10:00 AM – 8:00 PM; Thursday: 10:00 AM – 8:00 PM; Friday: 10:00 AM – 8:00 PM; Saturday: 9:00 AM – 8:00 PM; Sunday: 9:00 AM – 8:00 PM,3.5,6,Spa & Wellness
Capitola Wellness Spa,Spa & Wellness,Full-service spa offering massage,Full-service spa offering massage,(808) 212-3982,https://www.seaglasswellness.com/,CA,95010,(831) 475-9012,,Private sessions available,,Monday: 9:00 AM – 5:00 PM; Tuesday: 9:00 AM – 5:00 PM; Wednesday: 9:00 AM – 5:00 PM; Thursday: 9:00 AM – 5:00 PM; Friday: 9:00 AM – 5:00 PM; Saturday: 9:00 AM – 5:00 PM; Sunday: 9:00 AM – 5:00 PM,5,18,https://maps.googleapis.com/maps/api/place/photo?maxwidth=800&photoreference=AciIO2fJk7gUdDTw3CBYSWkFHuSEGVq_iISxaijdEgJHVcRme6SA18rk881164s5V19KJsalc5KKexid7S_F2ssh6_ONSNmf5bU-CMbkWYZIzuHlm1piziqRIwItr5QzH34QqihWhuLXgkBLCV6KwckkgvAn_-X32xXw7B_gnVHBfMKqgVb3x9yB9zkrQ71Ne-r_WDYODqFEeVvHAjHQYl8xZPw5ZUvZ-zdxkPHwTC9wcMKrcjMAQ4CINvhFhZ5jUCS2e0Qo2D8dfe5zJPwYD4Di2jKc1pLopxwUBddI_3ePsyVnWA&key=AIzaSyAvYrDzM-nkvO31l6yReM9py8xvxoy5WxI
Scotts Valley Wellness Center,Wellness Center,Comprehensive wellness center offering acupuncture,and holistic health services.,(831) 278-2426,https://thescottsvalleywellnesscenter.com/,CA 95066,Scotts Valley,CA,(831) 438-3456,Walk-ins welcome,-122.0147,,5,7,https://maps.googleapis.com/maps/api/place/photo?maxwidth=800&photoreference=AciIO2ckrvzD_lFLMZdpncYEN8iXxsDsg3WE0sWXnWdP4UC0dU_6arH5gnhES5N-1rHHh8miscxCBvYJhwMyPixuL3Cgt9xbfxsB-_hZAWgnzWfToAoYm2if9dbiXcW4dhXjhmN3qa_sTcy-RPQsXHz3Y1ud7aTj1Xig88X2rOPMiqnnRp8YedPcmEyCRoJ52deNrjkOUJx0ti252_CLxfCB38br_M3QM64bjw6ktbH7lebd6rpfCgf5zhEtZAsRq1fALB39_W8TjcPGZCdfeuLh2DMBE8OLPKW3zaY2tW7hJSyGcQ&key=AIzaSyAvYrDzM-nkvO31l6yReM9py8xvxoy5WxI
Kanda Thai Massage,Massage Therapy,Authentic Thai massage specializing in deep tissue and therapeutic bodywork.,,(831) 427-9768,https://kandathaimassage.setmore.com/,,,,-122.0308,50+,Traditional Thai,Monday: 9:00 AM – 10:00 PM; Tuesday: 9:00 AM – 10:00 PM; Wednesday: 9:00 AM – 10:00 PM; Thursday: 9:00 AM – 10:00 PM; Friday: 9:00 AM – 10:00 PM; Saturday: 9:00 AM – 10:00 PM; Sunday: 9:00 AM – 10:00 PM,4.6,94,https://maps.googleapis.com/maps/api/place/photo?maxwidth=800&photoreference=AciIO2fhnJH3nO7dFZfyDsLw_lgHpxyfhTMsOw4SLIqwCwpD8AbtQ0wgph0V0orjB37eBBNWmn7tSTrXPTMbpUrRHkBWR5uqZLD8oTqBvv2J35H1a74sPQrZsvSyKqcOzABhgzRiVz0_li6xHTd5wP3TQuy0_KuZcc_kgd_GzC2NhqxrZTyo6690csGXnQdAhyQLQY64fGzZ3vMzcEtggfy2QKz0QqJrPllXeAj_Oa-x0wYKeiPCZ2fzmlmfjj8Ou9R5A7sY2HmtMoF_QbFOR0rMHm3vXHE5wndEvceysQBWcFPisQ&key=AIzaSyAvYrDzM-nkvO31l6yReM9py8xvxoy5WxI
Therapeutic Massage Center,Massage Therapy,Licensed massage therapists specializing in deep tissue,Licensed massage therapists specializing in deep tissue,(831) 244-3327,http://www.massagewithk.com/,CA,95073,(831) 475-6789,,All Ages,,Monday: 9:00 AM – 5:00 PM; Tuesday: 9:00 AM – 6:30 PM; Wednesday: 9:00 AM – 6:30 PM; Thursday: 9:00 AM – 6:30 PM; Friday: 9:00 AM – 6:30 PM; Saturday: 9:00 AM – 2:30 PM; Sunday: Closed,5,27,https://maps.googleapis.com/maps/api/place/photo?maxwidth=800&photoreference=AciIO2fZNyD5YBo8LGhQgY5JxIEZVrk4fZlc6CprffFI0nlAOC7JCiKzo-XNy8Gm0oQksy1VA8EQ-hNZL61_y6fVqy74rr21x2ijH_EnCGAfIaBS2HuMD_9AMgQybRHbSJQHid-u0O4TbHQvsx-1QUEXBis77LChP7-1S95IYLjbPc5N2B4Qq-y6qd-pysyQsu_ep4p7ODEPXUGrzgvfW7MGj1vnRwQjaRk9dgnAr16QQTn5v8dpQd2yj-TIT_E4354ZAdPSxJki3Npgt1pXRIzR8VDK0HVd5L50bCVRh7kYxOM&key=AIzaSyAvYrDzM-nkvO31l6yReM9py8xvxoy5WxI
Hot Elevation Studios,Fitness Studio,Hot Pilates,barre,(831) 332-9543,https://hotelevationstudios.com/,this wellness facility offers a comprehensive range of services to support your health and wellness journey.,,987 Capitola Road,CA 95010,Free WiFi,,Monday: 6:00 AM – 1:00 PM,HIIT,Heated Classes,Mon-Fri: 6:00 AM - 9:00 PM; Sat-Sun: 8:00 AM - 7:00 PM
Santa Cruz Bootcamp,Fitness Bootcamp,Outdoor fitness bootcamp classes on the beach with certified trainers and high-energy workouts.,,(831) 227-7491,http://torkc.com/,,,,-122.0308,Beginner friendly,Group Training,Monday: 6:00 AM – 1:00 PM; Tuesday: 5:00 AM – 1:00 PM; Wednesday: 6:00 AM – 1:00 PM; Thursday: 5:00 AM – 1:00 PM; Friday: 6:00 AM – 1:00 PM; Saturday: Closed; Sunday: Closed,5,8,https://maps.googleapis.com/maps/api/place/photo?maxwidth=800&photoreference=AciIO2cCizeUEPoWbjVBqWjJllP_02Ar-Ih8QhcRZQGKut2myxbiZxLNpbCa_fY9UevEBDPepI15Yuc6bUQGsDpMyLpet0IbsBBmyZiBEfkUaW6AUgURIE2oNWRHkUAYIVSb4UMbJU60a6qEpHzbkL_hKOEkIScwoXDBbkDY75iqxWyLv-k28-W7ARi1NVQFVK07_3QDap5nQvLLaAFn4rMunOY6J1IH257LJSUK4i8vFG8FJR57eU7dfaSvnh3PbO6ZG5wjtKskv-UCvQoAAuyhMI4AeVF5fzwVRwflalL-UGv2YhQz6QeNA1geH_bnivFNav4NsRBoKfo8bxbLIIFVmzwzVOvXU62uN8MMS3Wf4Iaagu8NZH_hzm313dOg5-iDyD6VXDJwCgHuGXVvOmSjQEMzRbERpycMtIo9H9RPVr1K0VN2&key=AIzaSyAvYrDzM-nkvO31l6yReM9py8xvxoy5WxI
Capitola Beach Fitness,Fitness Bootcamp,Beach fitness classes including HIIT,Beach fitness classes including HIIT,(831) 332-9543,https://hotelevationstudios.com/,CA,95010,(831) 475-2345,,Bootcamp,,Monday: 6:00 AM – 1:00 PM,Evenings and weekends,Indoor,Family friendly
Santa Cruz Acupuncture & Wellness,Acupuncture,Licensed acupuncturist providing traditional Chinese medicine,Licensed acupuncturist providing traditional Chinese medicine,(831) 331-6901,http://santacruzfamilyacupuncture.com/,CA,95060,(831) 425-7890,,All Ages,,Monday: Closed; Tuesday: 9:00 AM – 5:00 PM; Wednesday: 8:00 AM – 3:00 PM; Thursday: 9:00 AM – 5:00 PM; Friday: 8:00 AM – 3:00 PM; Saturday: Closed; Sunday: Closed,5,60,https://maps.googleapis.com/maps/api/place/photo?maxwidth=800&photoreference=AciIO2dDQC1vWDZ2J4qFti-F7hqeP7jdre2wceXOs1YRrJWciyfMhPveSHlFMgAUhWPQxG8PTeSsJ7-MHIuC0dytW8nlDvx5kcgX0i2wls9ZRhqrLkLi8WBYYlRdKGxJnNeYBr_LeWLFItq2t5QXHyQxlrY_ljDb9d6FMpGEE3NwXp6_fjK3FcMKdzduCpvfDtLV0Lua7dunRugsBJ3dY4gkRyknA1v0jxeU_MXnWbhTbp-0BpmW1AjhiHOavp27aPZ-t6sRge4EFeblV3PUg2-mDpEL_4dZVRZCTmADBVHSgSEhrg&key=AIzaSyAvYrDzM-nkvO31l6yReM9py8xvxoy5WxI
Mountain View Yoga,Yoga Studio,Mountain retreat yoga studio in the redwoods offering forest yoga and meditation.,,(650) 713-4555,https://www.yogasix.com/mountain-view,,,,-122.1217,Beginner friendly,Hiking Yoga,Monday: 6:00 AM – 9:00 PM; Tuesday: 6:00 AM – 9:00 PM; Wednesday: 6:00 AM – 9:00 PM; Thursday: 6:00 AM – 9:00 PM; Friday: 6:00 AM – 9:00 PM; Saturday: 6:00 AM – 2:00 PM; Sunday: 6:00 AM – 8:00 PM,4.9,494,https://maps.googleapis.com/maps/api/place/photo?maxwidth=800&photoreference=AciIO2fzRPEd-BFAefQNmWRjflq8wjbylMW2j6Njii4_QGwZRX10U3x95hjL29a7x5etD8KoK4ZmOa_hBSC_h7efKDsuYkXahLG1BB3idNHakAlOGZW-Tg_oUkd6wwh1v5tX0Kf_8PYI9R_zskdFoYFy8l3emTG-JYOeIj_Wp63udU4IqAhG9BytNCwhJ1Rur02RuMsSbjD742JfGFDmmNzgnruoz1WDiMBWn4LH65Ga9sRM46XNtcJOw-x_1akG0ilFEsKycB7A-ibCjGNkMjtusyZIifMWgd3GB5Q851wXReo7jA&key=AIzaSyAvYrDzM-nkvO31l6yReM9py8xvxoy5WxI
Capitola Beach Yoga,Yoga Studio,Beachside yoga studio with classes directly on the sand during summer months.,,(831) 515-7001,http://www.breathandoneness.com/,,,,-121.9534,Beginner friendly,Sunset Practice,Monday: 8:00 AM – 9:00 PM; Tuesday: 8:00 AM – 9:00 PM; Wednesday: 8:00 AM – 9:00 PM; Thursday: 8:00 AM – 9:00 PM; Friday: 8:00 AM – 9:00 PM; Saturday: 8:00 AM – 9:00 PM; Sunday: 8:00 AM – 9:00 PM,4.9,50,https://maps.googleapis.com/maps/api/place/photo?maxwidth=800&photoreference=AciIO2d_QsZnOKhnrU9LMZdmbg3ocpYsGWm-Rq7F-Q9aq8nDkgXAmYw77MUsS39-8eGn9IXh3SpzWdunyncplfvGerR17gvKY0DDQ4EyVcg4inkyB_g1Z7ekQKSywGtKAxQa4_19c_VC3KuvM2S9_OSO_-MuT3g5aIz2JmDb89eNdr4IiLiXd8yj7xvDe438J8NpxH5jEptaIDNbRM_U-TjTeqO0KYl7qknbz94npWrVDuhGt-t5Svsie5maWKbbyhfi0S-nqggl1DlhlXe5splqkYdHdEbiHEcOULOUCb2pzTpbcw&key=AIzaSyAvYrDzM-nkvO31l6yReM9py8xvxoy5WxI
Core Pilates Santa Cruz,Pilates Studio,Specialized Pilates studio focusing on core strength and rehabilitation.,,(831) 425-9500,https://santacruzcore.com/,,,,-122.0308,Beginner friendly,Private Sessions,Monday: 8:15 AM – 9:00 PM; Tuesday: 8:15 AM – 9:00 PM; Wednesday: 8:15 AM – 9:00 PM; Thursday: 8:15 AM – 9:00 PM; Friday: 8:15 AM – 9:00 PM; Saturday: 8:30 AM – 5:00 PM; Sunday: 8:30 AM – 5:00 PM,4.9,101,https://maps.googleapis.com/maps/api/place/photo?maxwidth=800&photoreference=AciIO2fbAuKFKnQvNh1kZgnfsHchrQldLJu7V_nOZPBGDAJb9iOrtFhF0SgUcWxkzWUSfQvSnwjZtRFw7zwIbKB17BlDeZ-Sl281gRec7UNHXBJEyAzuIjCzwAIIRLTOchjKS_FRzNbbyrf-jQoP9WZnv3HcC0SFiQUchcoR3IWu7KQk-paOA_GbyQka-25NjlGUlGgwUaBH7yC39Exxup1Dvk69yHGmJ9SJ2A1ufIuDDAWHVSzAH7XQJnab6xepOVsWKsQ9qON3779QpJNsB1agBDAWjhvZ9ihLYozFADugoWWZLA&key=AIzaSyAvYrDzM-nkvO31l6yReM9py8xvxoy5WxI
Watsonville Pilates & Wellness,Pilates Studio,Community-focused Pilates studio serving the Watsonville area with bilingual instruction.,,(831) 607-6660,https://pilatesglowstudio.com/,,,,-121.7569,Beginner friendly,Affordable Pricing,Monday: 5:00 AM – 8:00 PM; Tuesday: 5:00 AM – 8:00 PM; Wednesday: 5:00 AM – 8:00 PM; Thursday: 5:00 AM – 8:00 PM; Friday: 5:00 AM – 8:00 PM; Saturday: 5:00 AM – 8:00 PM; Sunday: 5:00 AM – 8:00 PM,3.5,2,https://maps.googleapis.com/maps/api/place/photo?maxwidth=800&photoreference=AciIO2cY-v4866WbCpTNGt1p-KL8Yxr6dAEOj5wOQjjUzBXKEmLoVSMHc7TaU-0-pXxJRMzj94a1Z_ZKBQT5lCf-3yKga-STWslgtA9ZBy-mlWhj3IVkp-zWdSHNo_1y43ZzqCdigUt0DFe6IXwDJL9Dd145J3JMrETvVpzitqWp-gVIlkJxuPPmOibhAcnq9Euoo-e7c-apigAD3lPaVtPvrHqQsRkuB7ypq8GklqgSFdUd8lzkFBHjJrkPNiJELXGVlvMOyemeYGexehQljwWxy-UWIbW0lJQGCRU2DNh5pg8kCQ&key=AIzaSyAvYrDzM-nkvO31l6yReM9py8xvxoy5WxI
Scotts Valley Athletic Club,Fitness Center,Full-service athletic club with tennis courts,Full-service athletic club with tennis courts,(831) 920-0912,http://www.enterprisesportsclub.com/,CA,95066,(831) 438-2345,,Appointments recommended,,Monday: 5:30 AM – 9:00 PM; Tuesday: 5:30 AM – 9:00 PM; Wednesday: 5:30 AM – 9:00 PM; Thursday: 5:30 AM – 9:00 PM; Friday: 5:30 AM – 9:00 PM; Saturday: 7:00 AM – 8:00 PM; Sunday: 7:00 AM – 8:00 PM,4.5,105,https://maps.googleapis.com/maps/api/place/photo?maxwidth=800&photoreference=AciIO2fIoybt_L8pozqnAcweB_XQHTc9u-Udng9nrMAH0SRWwdhUStG1pigIOPIhFcJ0SHYquerPKFH7DUwuf1QmdWSK8YMEU7xSK7fk7Y0FxSfgHjiOFTXtO16pki8DgL3-cj9fjuHYYZkPJlHXvpGdKk2ja_a5JBJmKOhKJL1Us6DAHZ5gGdjULSxekIDCipbKVzCsGbmN8XYYI3oWKH9v_4Um1qj2_WHdmW-oN39D1MHZL7jjTPUJxFUGZ6rJ_8BZbuWDcL8aQpt7uBvC-T4yPTri0w4Gluvp-YjsUNbXH0UAkg&key=AIzaSyAvYrDzM-nkvO31l6yReM9py8xvxoy5WxI
Capitola Fitness Center,Fitness Center,Modern fitness center with state-of-the-art equipment and group fitness classes.,,(831) 276-0153,https://www.inshape.com/gyms/capitola-california-95010?utm_source=G&utm_medium=Local&utm_campaign=Google-Local&utm_source=G&utm_medium=Local&utm_campaign=Google-Local,,,,-121.9534,Beginner friendly,Cardio,Monday: 4:00 AM – 11:00 PM; Tuesday: 4:00 AM – 11:00 PM; Wednesday: 4:00 AM – 11:00 PM; Thursday: 4:00 AM – 11:00 PM; Friday: 4:00 AM – 10:00 PM; Saturday: 6:00 AM – 8:00 PM; Sunday: 6:00 AM – 8:00 PM,4.2,405,https://maps.googleapis.com/maps/api/place/photo?maxwidth=800&photoreference=AciIO2fTDK1AqBsFwbv7_j1a9H9_gMlyifQb0dUt3bcBO6dhXBJPZ7BIIcRZa7iIMIq9vcsBPnylXz97H3D9uNprvraD16ZpQ2qNHY5jSYTfEtu18W08jQl2e30TxzHfaEKZJgOBBDjvaCoQ0pTg0ioo1VN-ww5KsTpiG9hoGvAYvQXOMfr4UTTFWhsVNjSc_3H-z7Jo05TCRQ14J58Vh8k2I330wxHxp3VfYWCLRGREx7c8CGzSZsNa86U01LFWV_t1qbWltoiWmxDSzoHzXHIJQV4g-VIxAyXKbFXSMcv7PvvIWQ&key=AIzaSyAvYrDzM-nkvO31l6yReM9py8xvxoy5WxI
Live Oak Community Fitness,Fitness Center,Community-focused fitness center with affordable memberships and family programs.,,(831) 476-7284,http://communitybridges.org/locr,,,,-121.9728,Beginner friendly,Group Classes,Monday: 9:00 AM – 4:30 PM; Tuesday: 9:00 AM – 4:30 PM; Wednesday: 9:00 AM – 4:30 PM; Thursday: 9:00 AM – 4:30 PM; Friday: Closed; Saturday: Closed; Sunday: Closed,4.5,34,https://maps.googleapis.com/maps/api/place/photo?maxwidth=800&photoreference=AciIO2eYXLrSS0nn3S3wHHRvFg2Ndnq7l75u5tQvsMV1jKmfGqE_drHfzcugeZ7U6HXAq8w0b82uKqn7sJimr6JqBbW9SGwz9R2BIP3XHBbUJqG_2eUOZ3ODlsS0Q9bSZugdbjAnaguHYMaWdOOmyys4OE2W6XfmPbdQgt9Jq4n4bX1XhqrlHTrx6fHI2a-5LzEIoPj9YtVqtiaTRyPajk5ONj8VI56c7uCnSGnYZ3zjtCYFoANbaeVj7ldLxsyQdI45PjxJkA2YER4brWh3GSrKnHxK8MsVLBalACjqSKB0OTgbSFPYazkr4rbK4CjeNpmajnzN6BxIALj_unIj0nM8IipBnxsGVXy5pmHLSbkhD2jz1IdjAHWH03EiWSKD-ZIq9eD8SOGC2Xp34TNWrAai8_MKofmRcyeSCHaHoKqK6bN0mnMB&key=AIzaSyAvYrDzM-nkvO31l6yReM9py8xvxoy5WxI
Redwood Spa & Wellness,Spa & Wellness,Mountain spa offering treatments inspired by the surrounding redwood forest.,,(650) 365-5240,http://www.redwoodmassage.com/,,,,-122.0739,Beginner friendly,Wellness Packages,Forest-Inspired Treatments,4.5,17,https://maps.googleapis.com/maps/api/place/photo?maxwidth=800&photoreference=AciIO2drOaSq8GlKIFMrbLC7GQVynwST8EEZ_ohsvkqmpeVqw0SrwdVJlqvvXed0Op98jWJeXX0pEOF339HLTl57QS6Z1HXKaIu2qWSTrUvIQ-AcnZzM9s7j-G_WiOXg0a_uhQf2bHThrYYp8Eic2HcRI0j08wJUCP7gH2HTZw9p8Fmka_WQvuMwB808E1DfqK_J4ySirpb1xnMbDUz6tCI3pPoZecpQ1rvlb_M6SkhL68Xg5PO_bCKPDa5mEbTWkNG1x9wRC8C6oR0UF7lSrE5kJ1ngbg-rsBndRNw2xr9CuQ3x8w&key=AIzaSyAvYrDzM-nkvO31l6yReM9py8xvxoy5WxI
Aptos Day Spa,Spa & Wellness,Luxurious day spa offering comprehensive wellness treatments and relaxation services.,,(831) 854-2700,http://www.sagefloatspa.com/,,,,-121.9014,All Levels,Body Treatments,Monday: 10:30 AM – 8:30 PM; Tuesday: 10:00 AM – 8:30 PM; Wednesday: 10:00 AM – 8:30 PM; Thursday: 10:00 AM – 8:30 PM; Friday: 9:00 AM – 9:00 PM; Saturday: 9:00 AM – 9:00 PM; Sunday: 9:00 AM – 9:00 PM,4.7,133,https://maps.googleapis.com/maps/api/place/photo?maxwidth=800&photoreference=AciIO2ec7e-H-ZKgR4qX1HtCrU65pMwDNM14fT6d4LRmfiSMLkJheQTow8ZMkQF2WwChMW9wKd3_sg-zMptd0xx6pnHUmm2B3Toh8PhnOBQ-xA7sblIlD8jwIPZ3Cv6W-e3mKVZ0UoesAZ3wH5g9PCf-qNVWJFbxQehVv3d2lTuPNZvly2XwG2cs6IfZHt7Z_Jh3OBjRmemt13NWLxHTLfANneSaZdx1ymWbkCyLpshIjUiQwMNvNFgzI_WrO3cZ_JtJm43JIlU6i1MDSfxLA4stjD7Wv6c5_kddBMf9MrIUhjIvPg&key=AIzaSyAvYrDzM-nkvO31l6yReM9py8xvxoy5WxI
Soquel Wellness Center,Wellness Center,Holistic wellness center offering acupuncture,Holistic wellness center offering acupuncture,(831) 475-1055,https://pointsforwellness.com/,CA,95073,(831) 475-9012,,Private sessions available,,Monday: 10:00 AM – 6:00 PM; Tuesday: 8:00 AM – 6:00 PM; Wednesday: 10:00 AM – 6:00 PM; Thursday: 10:00 AM – 6:00 PM; Friday: 8:00 AM – 4:00 PM; Saturday: 10:00 AM – 3:00 PM; Sunday: Closed,5,46,https://maps.googleapis.com/maps/api/place/photo?maxwidth=800&photoreference=AciIO2ftdNCVviUlXY8ESRkXxgbm7gTqCbp16qDmNdF4t6a552bCN_Kr3cXSkIz9IgBolbejVitgXZl1WidozT9PC6E8QVX7ShB26XEDMw0Lx0tmwJ03LGzRuo_YCO-xsCv2DbGFKbhlOd8IlK2CjrTOoF2FiaaiNKVDFBBFUnLDv6Bxmx8gLE_wUmejZbesuFJvXE2DH5U4DYz7AW4GW1nhNePxrmBD2P26EpFQFM_S09DNXwTvk7okfIkPqoHDRMcuyNBiiLDPwmcGliYdBDIFaWHEwuSWk5hiAOruMtI73Dshig&key=AIzaSyAvYrDzM-nkvO31l6yReM9py8xvxoy5WxI
Beachside Massage Therapy,Massage Therapy,Oceanfront massage therapy with sound of waves and ocean breeze.,,(705) 422-1288,https://beachsidewellness.ca/,,,,-122.0308,Beginner friendly,Couples Massage,Monday: 10:00 AM – 6:00 PM; Tuesday: 10:00 AM – 6:00 PM; Wednesday: 10:00 AM – 7:00 PM; Thursday: 10:00 AM – 6:00 PM; Friday: 10:00 AM – 4:00 PM; Saturday: 8:00 AM – 12:30 PM; Sunday: Closed,4.8,61,https://maps.googleapis.com/maps/api/place/photo?maxwidth=800&photoreference=AciIO2ecvISAVKw_-sEtDhWobgQ8SudfyiiK6RucewktBuXU3XpY8h1ghj2IZrCWUrkwAVmraihjfX7euCIsEAyejGcTAoyQA3nI9BVwE1q-C47MBlak3i04zkzP9OoW9hvJGqHAFBYU8ft1YiybK-jCqvScIDkz3CYikR4C5of6Dg11qdtI97EPC__wuYw4ZrvFixADZF9lTM_dx00cs1-DO3PzgmAP7I0eXCdkuLRXJ3OJcoVc8b7gU5dOCyDNrD5XDzuupJWYLFHpwn2t2NdOLASmjPgsiW53AgfGl_x7aGM4Fw&key=AIzaSyAvYrDzM-nkvO31l6yReM9py8xvxoy5WxI
Mountain Healing Massage,Massage Therapy,Mountain retreat massage therapy with nature sounds and forest atmosphere.,,(707) 933-6833,http://www.mountaintemplemassage.com/,,,,-122.1217,Beginner friendly,Therapeutic Massage,Monday: Closed; Tuesday: 12:00 – 9:30 PM; Wednesday: Closed; Thursday: 12:00 – 9:30 PM; Friday: 12:00 – 9:30 PM; Saturday: 12:00 – 9:30 PM; Sunday: 12:00 – 9:30 PM,5,5,https://maps.googleapis.com/maps/api/place/photo?maxwidth=800&photoreference=AciIO2dt38mWr0b8mpGT0B8ZMdTM2gZb1G48sAh21x8OyL0kvZ9VV2wcYguYpQ4fGbgShbMNYdD8_vIONfBLWMQMIZseonhpj5xgQtY3I8ROH0fAUPQu5VBFgs1paM04GHLkYkA0ssVyX38QsN0_3K9GkHu4v6ZKEZDQ9RGCXolyjcVuvXW3qAJ9PWP_MV5W4q8HXXS6wtoQOe4sj2MGe-ttE-t3XjhUEG-TrYNS6T9Uq85YWAKDpffhGEpUmGe4nV7SaqhMIzOJ7dPPBDl3cffkB3k9pBqaCOFpegWpIXZ8c9G8_A&key=AIzaSyAvYrDzM-nkvO31l6yReM9py8xvxoy5WxI
Aptos Therapeutic Massage,Massage Therapy,Specialized therapeutic massage for injury recovery and chronic pain management.,,(831) 588-3820,https://brand.site/fourseasonstherapeutic,,,,-121.9014,Beginner friendly,Sports Massage,Monday: 9:30 AM – 8:30 PM; Tuesday: 9:30 AM – 8:30 PM; Wednesday: 9:30 AM – 8:30 PM; Thursday: 9:30 AM – 8:30 PM; Friday: 9:30 AM – 8:30 PM; Saturday: 9:30 AM – 9:00 PM; Sunday: 9:30 AM – 9:00 PM,4.9,14,https://maps.googleapis.com/maps/api/place/photo?maxwidth=800&photoreference=AciIO2e4Sm-ebYn0A6aDC2O2n0VAOYWq0Rw71OUtZEWJQLcsGRj5uZrlC27i03kdwG8fF9_MmKJaLSHBopGUUQQRBODA83t5rHAUmG_UF4wOkm_WPNyq_VPEvD3oDhWSs0KzLm5TlLjJ34XrZ_qCZm5E4qJ_FGH8YcvMV2mGs5FZ13Inv7-XS3cz80nyFEgsHW_JTUiPT5iD9va43L2J-T9_pijKHAojxzqIE2v62M5dHWToRTUrBhgA5553IY7_ztmVlk1cMEno8IDG9lc47ezszyo8YQgoeNCtGqLI3nXQmYno4g&key=AIzaSyAvYrDzM-nkvO31l6yReM9py8xvxoy5WxI
Santa Cruz Boxing Club,Fitness Studio,Professional boxing gym with training for all levels,from beginners to competitive fighters. Located in beautiful Santa Cruz,(831) 438-2697,http://santacruzboxing.com/,(831) 425-6789,https://www.santacruzboxing.com,,,Appointments recommended,Fitness Boxing,Monday: 6:30 AM – 12:30 PM,Family friendly,,5
Capitola Dance Studio,Dance Studio,Comprehensive dance studio offering classes in multiple styles for all ages.,,(831) 475-5032,http://www.dancenterinfo.com/,,,,-121.9534,Walk-ins welcome,Contemporary,Monday: 3:00 – 9:00 PM; Tuesday: 3:00 – 9:00 PM; Wednesday: 3:00 – 9:00 PM; Thursday: 3:00 – 9:00 PM; Friday: 3:00 – 9:00 PM; Saturday: 9:00 AM – 5:00 PM; Sunday: Closed,4.6,9,https://maps.googleapis.com/maps/api/place/photo?maxwidth=800&photoreference=AciIO2c4lA0oSPZREh6An4KzzUs_nfL_Ig7vCTI5WHQvMzBZk8UKv_lTo1KtjvMG3ZzHjp-i7TvFfD_HWISa3xwY5LhXqZp57Fn25_Y2XK22Fs0VG6R7HZ1rbOLl0cCOmzziy25FnwtxKstKipgO0t6HGIZc9q_QCKENqoZzy7_Tb8CnKqJTaIGQDdrG1WnI52RHQ-LSa__YdgKCzIqf5nuZlYeFR5uw1yYs-nJ1_KBLmZV_ErZ00_QNi0q0iTFB9Z-fob4HgW1VhJb88vPKYqOdabSDAbSkvXTzK0CfYHpCZNxdlMAF8od4Ull4atKlHRN7m2IEbQaE60VEIsw3QCvv0OSQkrsNdvnL4ILbq34e45qE1VgT48lti85Mbp5DIEG9gGz6bEvAd-FHkgsqZ7eTQL_Hi8RgHWWm__SX7X4HjqRj74FP&key=AIzaSyAvYrDzM-nkvO31l6yReM9py8xvxoy5WxI
Santa Cruz Rock Climbing Gym,Fitness Studio,Indoor rock climbing gym with routes for all skill levels and outdoor climbing instruction.,,(831) 454-9254,http://www.pacificedgeclimbinggym.com/,,,,-122.0308,Beginner friendly,Route Setting,Monday: 3:00 – 10:00 PM; Tuesday: 6:00 AM – 10:00 PM; Wednesday: 6:00 AM – 10:00 PM; Thursday: 6:00 AM – 10:00 PM; Friday: 6:00 AM – 10:00 PM; Saturday: 9:00 AM – 9:00 PM; Sunday: 9:00 AM – 9:00 PM,4.6,123,https://maps.googleapis.com/maps/api/place/photo?maxwidth=800&photoreference=AciIO2cls9nxLAIbL-NRD2MPjo17AQHqhKb1PJfoVPoWX12yQNFDQ_0IqczN1W2TLHJfLgHyyqcGCOfavqGnd3tp2bpmoe3gsCVNt1roJp-k46NThvfM1fFexBQr9TlGq6rp0cNpElHMAAgJkAYtiOG_Hzf3HY_kgJFX0Htk4jeflbXi5cfmct2WnqBgvjT4CZMp_3dUm6N_JHyhbi7mmIDIRf1J6RvgUOY2cSDIGYMOR5FwUviOCs2xbhvQVgMtgQRl5zHAfVxBaVomiUXghHbBgGC0lYu4ZhcozBVGUZNfcmehn-Tc0ahPq1d2F7pwF4tqGJ7CKY0frXZEsab7Yzj6fJieXoiACK0umY5TWqhX4IkfDU96mV_AY40-GJPKf4cag7L7sjHH2mfp2J65yOZ2-XXLzcYMKLeDlRzrPsVx-Fqn1w&key=AIzaSyAvYrDzM-nkvO31l6yReM9py8xvxoy5WxI
Watsonville Swimming Academy,Fitness Studio,Swimming instruction and fitness classes for all ages and skill levels.,,(831) 722-3500,http://jimboothswimschool.com/,,,,-121.7569,Beginner friendly,Competitive Swimming,Monday: 3:00 – 8:00 PM; Tuesday: 10:00 AM – 8:00 PM; Wednesday: 3:00 – 8:00 PM; Thursday: 10:00 AM – 8:00 PM; Friday: Closed; Saturday: 8:00 AM – 3:00 PM; Sunday: Closed,4.5,30,https://maps.googleapis.com/maps/api/place/photo?maxwidth=800&photoreference=AciIO2c510MNj1G7XBEu5iqdby6jvWdiimPelGzZa6ZwzIynQptrxHPtpSMcXJj9Mq1voofgTazHSWNUZolnI4wV60v0yj0-9xih1Qy276_X4Jj7Umyr7KF9hsuWWJmB9_VOOv7rSRjNyFn8RlqTsaCvszQlxjZfwVhIZg5nZkjqEsLi42NHwAAiqiiEdcV6oH5mNsRqQWRjNGrPe5NPTf-grfTVKHxbEW41BbKO4wuTrc3uSLIvptb6ZbRoVWu_Naxfp8Dxzun4R_VmsH3YKQqLamSUkfi7bc7c4PvO7Zsu99h2hw&key=AIzaSyAvYrDzM-nkvO31l6yReM9py8xvxoy5WxI
Santa Cruz Chiropractic Wellness,Chiropractic,Comprehensive chiropractic care with focus on wellness and preventive treatment.,,(831) 459-8434,http://spinalsense.com/?UTM_source=GBL,,,,-122.0308,Beginner friendly,Preventive Treatment,Monday: 8:30 AM – 4:00 PM; Tuesday: 8:30 AM – 6:00 PM; Wednesday: Closed; Thursday: 8:30 AM – 6:00 PM; Friday: 8:30 AM – 4:00 PM; Saturday: Closed; Sunday: Closed,5,96,https://maps.googleapis.com/maps/api/place/photo?maxwidth=800&photoreference=AciIO2e-ZZwbUHMEJiLmYyYxpRgq4hIi_YKZFHHhcvyLTeYS39-9dnG-B12F0I8mEme8IHA83YYfRzc8wbNSG6ZF_j61SbDfEmMpOlaUatwjIwLye8GpD7fUMj0LkzK_Njy7wGXK-3eCA8i6nIJ-JL_6IhtjKF3X6vYQ7JYoBiEaqDS0XWBv2fxXQhBqFzkquufqq3dRCOV_HmOlcDMcczzeyUFRp1pgxs2N1cmfvbEHrqJUWuR4YrmqdJA1OTA3ynbg1eAPh1SGAQD-QuGJTzuzkrap9AjuvPcaRDKTBB-2SDyKzw&key=AIzaSyAvYrDzM-nkvO31l6yReM9py8xvxoy5WxI
Capitola Physical Therapy,Physical Therapy,Physical therapy clinic specializing in injury rehabilitation and movement optimization.,,(831) 475-1200,CA,,,,-121.9534,Beginner friendly,Sports Therapy,Monday: 8:00 AM – 5:00 PM; Tuesday: 8:00 AM – 5:00 PM; Wednesday: Closed; Thursday: 8:00 AM – 5:00 PM; Friday: 8:00 AM – 5:00 PM; Saturday: Closed; Sunday: Closed,3.7,6,https://maps.googleapis.com/maps/api/place/photo?maxwidth=800&photoreference=AciIO2d1trt7rqfBLAbfj-UyoJofuCrXmhF7zRCexPn8E2m0k9PpT5gxWfL_JFL3eOlRaPlSziQnHexmC2FSmpCqEiME7EPayltTpUOQCDNzIy76bUt6g__o7b_lQyQ8Fep4O0c9pnFfSqDD6C9--QfsA_QKtoCynss5bAccf4tvHoexZ63RpS7xspS7ndaE8hS1vevodl9Pi6NI10EIqIZjXxUd2DYUGNOImo9PMNA6o4n5wS28O1MDLKUDakQlyHQ1y52UaXM6Y2L5yWXL_JQEdqoMkMOAPDhb4iRFFAro9HjyrQ&key=AIzaSyAvYrDzM-nkvO31l6yReM9py8xvxoy5WxI
Scotts Valley Naturopathic Medicine,Naturopathic Medicine,Naturopathic medicine practice focusing on natural healing and holistic health.,,(831) 438-5400,https://www.santacruzholisticwellness.com/,,,,-122.0147,Beginner friendly,Nutritional Counseling,Monday: 10:00 AM – 6:00 PM; Tuesday: 10:00 AM – 3:00 PM; Wednesday: 10:00 AM – 6:00 PM; Thursday: 10:00 AM – 6:00 PM; Friday: 10:00 AM – 3:00 PM; Saturday: Closed; Sunday: Closed,5,8,Certified professionals
Santa Cruz Float Therapy Center,Wellness Center,Sensory deprivation float therapy for deep relaxation and stress relief.,,(831) 854-2700,http://www.sagefloatspa.com/,,,,-122.0308,Beginner friendly,Deep Relaxation,Monday: 10:30 AM – 8:30 PM; Tuesday: 10:00 AM – 8:30 PM; Wednesday: 10:00 AM – 8:30 PM; Thursday: 10:00 AM – 8:30 PM; Friday: 9:00 AM – 9:00 PM; Saturday: 9:00 AM – 9:00 PM; Sunday: 9:00 AM – 9:00 PM,4.7,133,https://maps.googleapis.com/maps/api/place/photo?maxwidth=800&photoreference=AciIO2eKAKgTMmQ7GNPFcY-_jOTWiHaJJfv7hcqb2VjCx3gXZVWj3jgF8Ih-HbjLAZNW5tA9WxOAMztJoT55zfibVFgjYLc5TcwZZYFDfC7N32gBOYh_Y4-b2-QsNYpZQKWMCA1IMOxHiH-EjOK3QnizbunO0fjqEw7jX6KMf8qdT_x4p92a13TN9EUt08FkoZeH3az3wr1grtJkaIhw72tQ-G1yvrge8RkdWII1jsT_w_lEgsARzDigqtiCIgw5TbbP4ZnKvtPE2i87_S2YsGIL6W0JfY4QC8fepnmfeBW7vcYJ3Q&key=AIzaSyAvYrDzM-nkvO31l6yReM9py8xvxoy5WxI
Capitola Salt Therapy Studio,Wellness Center,Halotherapy (salt therapy) for respiratory health and skin wellness.,,(808) 212-3982,https://www.seaglasswellness.com/,,,,-121.9534,Beginner friendly,Skin Wellness,Monday: 9:00 AM – 5:00 PM; Tuesday: 9:00 AM – 5:00 PM; Wednesday: 9:00 AM – 5:00 PM; Thursday: 9:00 AM – 5:00 PM; Friday: 9:00 AM – 5:00 PM; Saturday: 9:00 AM – 5:00 PM; Sunday: 9:00 AM – 5:00 PM,5,18,https://maps.googleapis.com/maps/api/place/photo?maxwidth=800&photoreference=AciIO2cYFS01dJx5tjOOtFkdnYAeF3ZSZmrAni-tHx2b53OE5SDGh-ywdJifsfglia2vpKb2lSwMuxkzW1LtTSaH6r3zk_lg_rsCC6NGYpzput8XkuBdftXG_QaIytOU7ml3IkpIFRyp--hX4gbMZizFbv2AIrx1kHRGQSsmVe3pwVChA8t-cIUdYsnMWkvtjfXUxP0lbPvHOGMOvcpTXW33jvdJp0OfFpgYEZr_QddMIvS2QwBbf4Ie9xqN-y7dh72xkEou_BzX9LckdcvTKxyVluXOFzPrr1F_ZZP6ipfkaymhNw&key=AIzaSyAvYrDzM-nkvO31l6yReM9py8xvxoy5WxI
Aptos Cryotherapy Center,Wellness Center,Whole body cryotherapy for recovery,Whole body cryotherapy for recovery,(831) 325-2897,https://chillsantacruzcryo.com/,CA,95003,(831) 688-7890,,Private sessions available,,Monday: 10:00 AM – 7:00 PM; Tuesday: 10:00 AM – 7:00 PM; Wednesday: 10:00 AM – 7:00 PM; Thursday: 10:00 AM – 7:00 PM; Friday: 10:00 AM – 7:00 PM; Saturday: 9:00 AM – 2:00 PM; Sunday: 9:00 AM – 2:00 PM,5,7,https://maps.googleapis.com/maps/api/place/photo?maxwidth=800&photoreference=AciIO2cVX6SmWIBHkGxFHHPVhqN9nbJxDEbrfG-GZLWQxpT3f6xzhCaX3aWwckt2Xbg_Au_HOHO9r8svnJeZWwCvD3zTXcxXHoGEiOaZuGyE6Od-7v2s2d0oURvTqwORIMy0z6HaVbdv2C4Dd1VGR9N8AZWskivboA23w9wcI9WbmZOrRYOWLiWwDAD2GVZCcZpYB8k0G5ETtp7IQvaWO_B1gmcGrU2NpNoiliGbS9U6b8jkgsg8zyzsp0aPsyIVkiUgm_7gtI7SZxt4hktrbr5Xul6EyaC2TyMSBhLdiMridxLVaw&key=AIzaSyAvYrDzM-nkvO31l6yReM9py8xvxoy5WxI
Aerial Yoga Santa Cruz,Yoga Studio,Aerial yoga classes using silk hammocks for unique poses and deep stretching.,,(831) 400-1060,http://www.radicalmovementfactory.com/,,,,-122.0308,Beginner friendly,Unique Poses,Aerial Yoga,4.9,19,https://maps.googleapis.com/maps/api/place/photo?maxwidth=800&photoreference=AciIO2fZQujgjvpGyeV2QK_sMQ_POvlz7xSOyk8HI9PSwrdF6vUimnKZL1BiYJraNuUom6-9mnNLt4r_CcoGH4pib_-LM17L2znkYvGZE47F_Y5xW33C_Iheq7XoYyU_O71cSqyJch74-S4GlGHoekdKZ7mftt8sLG9JVT81zmKJ7U6cOAXhJ9WA1HKZig6pRM8BdWQJ9gDnEI4wsLwtQvou0v6MSyYs0NxNzRBP9gKreB63OZe1hWPcUY1N4pOEQPDoAySsqXNWS1OKiI6hVSWPNCHecTTLIH-9hIJ7VyngX5tCTQ&key=AIzaSyAvYrDzM-nkvO31l6yReM9py8xvxoy5WxI
Yin Yoga & Meditation Studio,Yoga Studio,Specialized yin yoga studio focusing on deep stretching and meditation practices.,,(831) 479-9642,https://www.pleasurepointsanctuary.com/,,,,-122.0308,Beginner friendly,Mindfulness,Monday: 7:00 AM – 8:30 PM; Tuesday: 7:00 AM – 8:30 PM; Wednesday: 7:00 AM – 8:30 PM; Thursday: 7:00 AM – 8:30 PM; Friday: 7:00 AM – 8:30 PM; Saturday: 8:00 – 11:30 AM; Sunday: 8:00 – 11:30 AM,4.7,15,https://maps.googleapis.com/maps/api/place/photo?maxwidth=800&photoreference=AciIO2e-xCg7mSs15RBjMJxW2R3YybpL8PIGXKHramxtUpYMPYaiM_Pvmm1YxpBi9c_tJcyaBXYJEC5kHkWtQfPP64vKUaelDCVB2zV4WWEBdSgKuNnpD_OGRX7Phk3kuvmz1sbT8EwstIFc1-fjD5ESCy843VLd08WfiJ5Edw2d5G3NUAu7zIA5o-LajKdxmPzvgsmEwPcuqdCjCFRKE_5BD4XyDbosy5zou8b2cfk0gH3FvavYh2YT4WcdSaHt4KBnvnNwmd4YH5Or0GfvMGBUqYe5Rw6VylJjEQ6cZ2QEh7m5Yw&key=AIzaSyAvYrDzM-nkvO31l6yReM9py8xvxoy5WxI
Power Yoga Capitola,Yoga Studio,High-energy power yoga classes for strength,High-energy power yoga classes for strength,(831) 332-9543,https://hotelevationstudios.com/,CA,95010,(831) 475-0123,,Certified professionals,,Monday: 6:00 AM – 1:00 PM,Street Parking Available,Public transportation nearby,Free WiFi
Santa Cruz Kettlebell Academy,Fitness Studio,Specialized kettlebell training for functional fitness and strength development.,,(831) 216-5659,http://www.goatsantacruz.com/,,,,-122.0308,Beginner friendly,Group Classes,Monday: 8:00 AM – 8:00 PM; Tuesday: 8:00 AM – 8:00 PM; Wednesday: 8:00 AM – 8:00 PM; Thursday: 8:00 AM – 8:00 PM; Friday: 8:00 AM – 8:00 PM; Saturday: 8:00 AM – 12:00 PM; Sunday: 8:00 AM – 12:00 PM,5,41,https://maps.googleapis.com/maps/api/place/photo?maxwidth=800&photoreference=AciIO2eeBU6vITh8W1VfQOfDy2-incgbmzdoiq-YyBS5-OA5RguhXMCM8DpKt-sjda5StW65tiPl3wXpQGso8ZuzrxpLM_LLweAlO55z9fBMBLMnO7CxVrqwod3yC9M4IGio7Jd_fhL-OewN2Uvhb1h40IOiU_eSY-W-JncsqxVrk4Ix-GHCIhacBuJjzewec6vE88HhJ7Kfop5fI4RCuT8Yxt8xvlK6xNML66qu4lbmDQ3HCtcjkQUi_Ji7BS7VcsU0clnUGxSWbPGnqA88gjn9cDmlUeDAVEVBKw29DfO3rvSZfKEMD_PC0ojJ11i4-9QkQTaTpL61HrqPpV7kCG0sme0UPsmoNUUqqDjd4VgINzOwSIDLqeM4E6zYs3-Y_wbnztzcVzN7KzSZB8SV8xqpmPZmittbP_jGB69M-FUEasMenw&key=AIzaSyAvYrDzM-nkvO31l6yReM9py8xvxoy5WxI
Capitola TRX Training Center,Fitness Studio,TRX suspension training for full-body workouts and functional movement.,,(831) 359-4227,CA,,,,-121.9534,Beginner friendly,Functional Movement,Monday: 6:30 AM – 7:00 PM; Tuesday: 6:30 AM – 7:00 PM; Wednesday: 6:30 AM – 7:00 PM; Thursday: 6:30 AM – 7:00 PM; Friday: 5:00 AM – 7:00 PM; Saturday: 7:00 AM – 12:30 PM; Sunday: 7:00 – 11:00 AM,4.7,72,https://maps.googleapis.com/maps/api/place/photo?maxwidth=800&photoreference=AciIO2cL55t0pLMkZvbBcrTUIlIfi3fURWxpMuIJ0boZFhlqaPFPkeiO-7irut2FBrZDbtLhjZ5b86HMDxOTdbzBPW4b7CKM_fcffWm-Jxg5FxAHGlQh9juJdzGRDl2X2ki5bhxHKmIivXa0uyaFTwOdYjsbv-bv5WeP8eU9_ixyQ97AwXWnqXRXWaIu-6GjLu-Mc_OGP9w1XPNxOhdG7OJVmqqgXdUv3DVAsy1OCD86z_PnUAO1IK4uotYRC6riRYiITbrE1k5Hp9U7996Tc5NSxaBJOUuObU2efpWoRrnCgNGxRg&key=AIzaSyAvYrDzM-nkvO31l6yReM9py8xvxoy5WxI
Watsonville Zumba Studio,Dance Studio,High-energy Zumba dance fitness classes with Latin and international music.,,(831) 713-9843,https://www.watsonville.yoga/,,,,-121.7569,All Levels,International Music,Monday: 9:00 AM – 9:00 PM; Tuesday: 9:00 AM – 9:00 PM; Wednesday: 9:00 AM – 9:00 PM; Thursday: 9:00 AM – 9:00 PM; Friday: 9:00 AM – 9:00 PM; Saturday: 9:00 AM – 9:00 PM; Sunday: 9:00 AM – 9:00 PM,5,7,https://maps.googleapis.com/maps/api/place/photo?maxwidth=800&photoreference=AciIO2fSeiCJSPeg2kAJZ7xMX5zacvzwQF2zStXvCHuHz5QcGa2xecwhFFuSTzCxk4yhPxzCTZYYePwnekn792LgolYX5i5Q-meiIZB653C5Km1fMULDOCFiZYnKoWvciTkPv4K2Shh_KmhoS7wNKhW1geVkpYOey9_SdSh0t9j-EuOLrODLDez2aHiGWWDxTPioAlquQcbNF0R5jzZSRttH3xkv_9CvnnO4ze7QJyahl4EYjvWVuySNx6SJJovSg6dDhT-2DmLRu2q7kAGtOwKfna_SCsp-wk1DFSgr5R3pyLfFkQ&key=AIzaSyAvYrDzM-nkvO31l6yReM9py8xvxoy5WxI
Santa Cruz Sound Healing Center,Wellness Center,Sound healing therapy using crystal bowls,Sound healing therapy using crystal bowls,(831) 466-9570,https://bestsingingbowls.com/,CA,95060,(831) 425-7890,,Private sessions available,,Monday: Open 24 hours; Tuesday: Open 24 hours; Wednesday: Open 24 hours; Thursday: Open 24 hours; Friday: Open 24 hours; Saturday: Open 24 hours; Sunday: Open 24 hours,5,80,https://maps.googleapis.com/maps/api/place/photo?maxwidth=800&photoreference=AciIO2fu0rlBQrC_oIVSVdzynxrPndXPVBPgZi6ZzHbQYLK8bqCpDXpB3_ffN1c5BWS7qm0ieBE0eEnaB11z3XdPhQnegBDjCGSd1aZKvYSbXYgmB_SK2RE5F4zgsak3bKNnaQ-SS0TuRe1v7aBpkqrQZM-Rg-aWZ7GqXXRX0bFnWGxMzOcfF0ZieExU89H2qg5jhq2Ip7Q3LS2V-Mrkz5y0PfaRlrVcuxHEwSUR9KWxEq7FBk4Afkyt0gpEBwBJ2ESgbFR8_unCfIBRucgM4926U-VaXXK2Yxc8ZooSgQC_LZJ9xnQsgrqSpcXNnxDH2RG34qAWsohMnTvcvQVZIcSIyNidVMhXNSJl1_hFObTf1vgmpQpZ-Qt4eRPbsAh8yxk4vuHhZCzJaLDEb5hTYjJok7UQi-tggBk6QaYLO6xxq8VzzQ&key=AIzaSyAvYrDzM-nkvO31l6yReM9py8xvxoy5WxI
Capitola Reiki & Energy Healing,Wellness Center,Reiki and energy healing services for spiritual and emotional wellness.,,(323) 474-7240,http://www.lightcrafthealing.com/,,,,-121.9534,Beginner friendly,Emotional Healing,Monday: 11:00 AM – 6:00 PM; Tuesday: Closed; Wednesday: Closed; Thursday: Closed; Friday: Closed; Saturday: Closed; Sunday: 11:00 AM – 6:00 PM,5,31,https://maps.googleapis.com/maps/api/place/photo?maxwidth=800&photoreference=AciIO2fpGansTGhayezuaKXBmblqssoBTCoCUACypYgI58dYv0JdTekYmSktxS_rrh1P5Bz3wvGV-JRD3W-uiQK1xWt2KpulEV6O4weoBU0HQ4kYUXYy9gJpBfb2hG8eQ3aHw_NAouEpTtdLQjljSKzFjZm_WX_LK6F90Wuo80DNyEHC4S1ZqaQh69k8ArouiaKWUV_cZuvmQ2kX7aX9KqE33Ys_4iSziUHuAQXAJBIjntqENh6oWsLfQyauiI5L1jPx8oB3tBs_20df0UIIkn76E3p663tYityk_lVbrYwqvwlTVg&key=AIzaSyAvYrDzM-nkvO31l6yReM9py8xvxoy5WxI
Aptos Life Coaching Center,Life Coaching,Life coaching services for personal development,Life coaching services for personal development,(831) 334-3001,http://www.enlightenaptos.com/,CA,95003,(831) 688-9012,,Private sessions available,,Monday: 10:00 AM – 6:00 PM; Tuesday: 10:00 AM – 6:00 PM; Wednesday: 10:00 AM – 6:00 PM; Thursday: 10:00 AM – 6:00 PM; Friday: Closed; Saturday: Closed; Sunday: 12:00 – 6:00 PM,5,12,https://maps.googleapis.com/maps/api/place/photo?maxwidth=800&photoreference=AciIO2chmxm8n85Bo3QJuwMblWxl4kgJCJDBW1VT-9Dh8V0A22nSz8kn_VSKBfg0XPvd2-MvizQxjHO4YliamZCCMVwRZWuo0vr866vchbHmB9hWFdhiUHtn4oeLODxzM_do7blW51vbq-FmKZnY5sSZ9Hh0y9b0vmbtNrc2mvwwqVIiNxNmu4DJhacdP78yyqHrE0nXDlLv13WSZxqR4E62VQQPNyK5pFRhFUp-StP_OuBUudyK5uHsQpJZD_EAYzBwKeOGMepmhZkS_BwwZix5wiNbLnwT2K1y1TJJ31A53Zy8Zg&key=AIzaSyAvYrDzM-nkvO31l6yReM9py8xvxoy5WxI
Santa Cruz Craniosacral Therapy,Massage Therapy,Craniosacral therapy for gentle healing and nervous system regulation.,,(831) 345-3140,http://heal.me/aurore-sibley,,,,-122.0308,Beginner friendly,Stress Relief,Monday: 10:00 AM – 4:00 PM; Tuesday: Closed; Wednesday: 9:00 AM – 3:00 PM; Thursday: 10:00 AM – 5:00 PM; Friday: 9:00 AM – 3:00 PM; Saturday: 10:00 AM – 2:00 PM; Sunday: Closed,5,8,https://maps.googleapis.com/maps/api/place/photo?maxwidth=800&photoreference=AciIO2fD-T0eFBNDWtuM2Kikx79wdkokPXjqDYkrVqS0MyioCr_azZ3SFWMw01IELqlB0-P_mWqhiyUltD-GoH9MypfuarY_GAHjez8Je66ap-j4YbNJTrnoHmIZYa3hUsDXe-6r5aHeHmFWxJrYcOwKihW_74jD3H0gzx6akW_wYpSbVMIcTGbaQft2MO0CXtDfooqDo2SBZM9wGJwPzp-AUVmaNvYJ-JOAiPLS5IcH-su9KCj6m0noquYj7C5-A_qlEFZahg5WUWgbFNvL2ITRv571hnJEo9vKZLP8Uib954ea3A&key=AIzaSyAvYrDzM-nkvO31l6yReM9py8xvxoy5WxI
Capitola Myofascial Release,Massage Therapy,Myofascial release therapy for chronic pain and movement restrictions.,,(831) 295-5816,http://liveoncelivewellmfr.com/,,,,-121.9534,Beginner friendly,Postural Correction,Monday: Closed; Tuesday: 8:30 AM – 4:00 PM; Wednesday: 8:30 AM – 4:00 PM; Thursday: 8:30 AM – 4:00 PM; Friday: Closed; Saturday: 8:30 AM – 4:00 PM; Sunday: Closed,5,24,https://maps.googleapis.com/maps/api/place/photo?maxwidth=800&photoreference=AciIO2eFvgb334neqW7bKCOa4x4aE8O47lqNe46zKtFJXe5213oqKklbWFkS-lrLJd2MQFTy3Vefs3YDYmYyuspIT5CzZ5Qyghv2PTVzYkS9MG4Q4l5woNS47o8XTq5Z8PYPSE_g-A-ALCXtP6E3tkZL0mbI2SBHXxqfjZ0lUVn1Ld5BCSO6Rocu6Xj4m1v7AA0eGs7xgP6EuCGC4SFSTequpXLm1IlyQY1ndCmRBP3Wh-qrTU35kpWU8jJpAJNgHnJyiANIiiAijfSt7edT-4RgTTklr8bNfvH_XgikAF1R5MyciQ&key=AIzaSyAvYrDzM-nkvO31l6yReM9py8xvxoy5WxI
Scotts Valley Reflexology Center,Massage Therapy,Reflexology foot massage for whole-body wellness and stress relief.,,(831) 278-2426,https://thescottsvalleywellnesscenter.com/,,,,-122.0147,Beginner friendly,Stress Relief,Reflexology,5,7,https://maps.googleapis.com/maps/api/place/photo?maxwidth=800&photoreference=AciIO2eJ87pQaZ4E9ULLljlSBmqFGlJudK8UJ0OVU70homIe6Lc41tuP1M428aCqZbDjBDva7HLejC5gSIB4C-Msn9M4Nj2rOS9GSGb0f3CAE7mpV_9OnbrXLAqm8sZSc2HpiA5kystmXJf0FQzP0UpE8ZfNQ72gBJlP1kMfXDCeU9rvlzgPFRlDnQxn2h7dKQC6XrW4EKFDW5tQMirZiFyj263Ha-G1PUN0Tvw1Gf5Y43Asudsv-dN20s-ej6974f6y0LsMG-wAFqKWz058Etl1u4eDOIN3HuKy5FScE7kT7llnbA&key=AIzaSyAvYrDzM-nkvO31l6yReM9py8xvxoy5WxI
Santa Cruz Barre Studio,Fitness Studio,Barre fitness classes combining ballet,Barre fitness classes combining ballet,(831) 278-1515,https://www.pleasurepointsanctuary.com/,CA,95060,(831) 425-5678,,Appointments recommended,,Monday: 9:00 AM – 9:00 PM; Tuesday: 9:00 AM – 8:00 PM; Wednesday: 9:00 AM – 8:30 PM; Thursday: 9:00 AM – 8:30 PM; Friday: 9:00 AM – 9:30 PM; Saturday: 10:00 AM – 8:30 PM; Sunday: 10:00 AM – 5:00 PM,5,1,https://maps.googleapis.com/maps/api/place/photo?maxwidth=800&photoreference=AciIO2ff9yIFTkqxeO-jNA_unFvjF7PkUCvc0e-qmJGI9ts7Cx36s0O7Fr1uvj9_LeblLzgE7bP9I4FnxBw-j9sAzNxej8YUwWWhO11VXjao458_FjpoQypajAl6qMAavvyIMngAJ5TTTZGJwr-o8lVHlNbxWruPYxajN77djXgh-d7BiZwBHIxUsKu2sksAexqBPsFwIObLJOkUEMFH0fFepEtMbL-wuUTkzYsyM6gBFIcjf1X-iBMbfM4wC6SAJSDZ53XjC1H0DkvmnSW8dINUbnCTSA6_bEUBKALSAaKngtdqXw&key=AIzaSyAvYrDzM-nkvO31l6yReM9py8xvxoy5WxI
Capitola HIIT Training,Fitness Studio,High-intensity interval training for maximum fitness results in minimal time.,,(831) 332-9543,https://hotelevationstudios.com/,,,,-121.9534,Licensed practitioners,Fat Burning,Monday: 6:00 AM – 1:00 PM,Wheelchair accessible,Family friendly,Locker rooms available
Watsonville Senior Fitness,Fitness Center,Specialized fitness programs for seniors focusing on mobility,Specialized fitness programs for seniors focusing on mobility,(831) 889-0283,https://www.envision-fit.com/,CA,95076,(831) 724-4567,,Appointments recommended,,Monday: 5:00 AM – 8:00 PM; Tuesday: 5:00 AM – 8:00 PM; Wednesday: 5:00 AM – 8:00 PM; Thursday: 5:00 AM – 8:00 PM; Friday: 5:00 AM – 8:00 PM; Saturday: Closed; Sunday: Closed,5,93,https://maps.googleapis.com/maps/api/place/photo?maxwidth=800&photoreference=AciIO2fNflz0XqC2DxBf_YQxq0sKo15PiP1K0VO9IgQ1gwIG1y7clldqrb_CIgYhT-3hsYvWGuypkI-2Dpl_c_IpIAEPFt6G4yXPoCSp6ZrlGDjjtukkEwdW9DFAxc31aXC2HtZnP99T94CRfmUHoSZIagNreXaBTz_Rmy3rCjL4gIRYB0Xo8ObxPtsP0UOF_Srwcoh75-enL703bduI8AH0JaGSI8PeySwVr6foQJtxpCCXb8oNKNg7uZLldTTB8ClhoBShRoeMi321Rwg7kvvSK4lfzP9tlkCJmsrs6UfiDa-Nwg&key=AIzaSyAvYrDzM-nkvO31l6yReM9py8xvxoy5WxI
Santa Cruz Aromatherapy Spa,Spa & Wellness,Aromatherapy spa using essential oils for therapeutic and relaxation benefits.,,(831) 600-8053,https://www.yosowellness.com/,,,,-122.0308,Beginner friendly,Relaxation,Monday: 9:30 AM – 5:00 PM; Tuesday: 9:30 AM – 7:00 PM; Wednesday: 9:30 AM – 7:00 PM; Thursday: 9:30 AM – 7:00 PM; Friday: 9:30 AM – 5:00 PM; Saturday: 9:30 AM – 5:00 PM; Sunday: Closed,4.8,129,https://maps.googleapis.com/maps/api/place/photo?maxwidth=800&photoreference=AciIO2emAWvSUYaBYLWiB2nlGvRhoVRUt8Vdn95Pko6xhPrnvZUvo7X8YjX8sr6VTYNsFvp0ycdPv_s5A2hw_aYcC1Vs321EL9_ucegElsHzC9379PHSoB_cYvm1yOFXCznhkEliAMVKXCejKm5mDHQs51VJbb7FaxbKIinvDi7Yaf5WNRbwLxUcvyO_IZ_4gVM7zkBcjVPpzmS9Lww9SP18YxeerYyLAjF_ZnvZxJzD_oPogJ6uSqz6V1DYO12tNg_peptwvahdtU5FyVbEVonogyrZ0GJGhgWaC7j8wpE3_oPCRg&key=AIzaSyAvYrDzM-nkvO31l6yReM9py8xvxoy5WxI
Capitola Crystal Healing,Wellness Center,Crystal healing therapy using gemstones and crystals for energy balancing.,,(808) 212-3982,https://www.seaglasswellness.com/,,,,-121.9534,Beginner friendly,Chakra Work,Monday: 9:00 AM – 5:00 PM; Tuesday: 9:00 AM – 5:00 PM; Wednesday: 9:00 AM – 5:00 PM; Thursday: 9:00 AM – 5:00 PM; Friday: 9:00 AM – 5:00 PM; Saturday: 9:00 AM – 5:00 PM; Sunday: 9:00 AM – 5:00 PM,5,18,https://maps.googleapis.com/maps/api/place/photo?maxwidth=800&photoreference=AciIO2c268H2VKXnzdV8K0mDSd9uUakyOpEeaXFwm0ASY2g4LJDjitFnc9R84Wt4TrVLvZO1Iw5Ewv21LdTPtoisAuw_wunflK8UwvNkAv5B8KfnjX9n6OZWrWcGWX1F384O6Ga3oFCuZlET477Ip6J3isrH0sIviuakRr_Yxcj8I51PGlxswuCkHVCQ4-0JBsM8tj4TJQBMEZxHwhsZrWrROWRWzAg2rzPjSXfTfQebd0lDNkNiMLLZxPP_V4r32q-1wTyxd7-PNo9-O48k2KxHjqek2KR9Uswybbm0o8RqBiVdiA&key=AIzaSyAvYrDzM-nkvO31l6yReM9py8xvxoy5WxI
Aptos Mindfulness Center,Wellness Center,Mindfulness and meditation center offering classes and retreats for mental wellness.,,(831) 224-5070,https://www.tm.org/centers/santa-cruz,,,,-121.9014,All Levels,Stress Reduction,Monday: 9:00 AM – 9:00 PM; Tuesday: 9:00 AM – 9:00 PM; Wednesday: 9:00 AM – 9:00 PM; Thursday: 9:00 AM – 9:00 PM; Friday: 9:00 AM – 9:00 PM; Saturday: 9:00 AM – 9:00 PM; Sunday: 9:00 AM – 9:00 PM,5,1,https://maps.googleapis.com/maps/api/place/photo?maxwidth=800&photoreference=AciIO2evok5JuuRNf4VJK4I86RNGh4cNFUxbmRBW0UOCYbhe6yoUSlKYFfAtoeSZmgOfJe3ZNMNJGKaChNPVQ1HVVql05r4zZUGcC4biSz_IUcPM1t0BB3f983Va5JufGSDFyBbCdnaxJ-A0MvIwjnp9sCF1P3rAWcFL1ZRiKw9AhHWp3nL17SLNGFV7q38M3Wu1Ziq8vQYG9HIAjpXUsGx9U7aihlvGepKozix4zt20ichkXZGSLWACFDoNL_MmPok3pFeq4L8vU9A_2hxELueCWerkh0EXV-Z6ZdQOft9ib1li1Q&key=AIzaSyAvYrDzM-nkvO31l6yReM9py8xvxoy5WxI